index,官方变化,来源与状态,SeekTTY当前支持,涉及文件模块,接入方案,兼容风险,优先级,00dba96覆盖/证据边界,整合处置,第一阶段责任,第二阶段责任,剩余工作,最终包验收状态,证据路径/SHA256,证据口径
0,F001 插件清单元数据、格式与兼容性声明,"已发布预发布版0.2.0-rc.2；首见0.1.6-alpha.1；https://github.com/deepseek-ai/deepseek-harness/commit/6469b522c1b0afa971f1cce15b1c2ec6d6b52e72
https://github.com/deepseek-ai/deepseek-harness/commit/5bb449f716a5dd7aad7085e664534f3267432a1a
https://github.com/deepseek-ai/deepseek-harness/commit/3863992e677f76f6629c726865406ffc30c816c1
https://github.com/deepseek-ai/deepseek-harness/commit/8f0dd55c2cb74610b0291067884955ab4eb74a70
https://github.com/deepseek-ai/deepseek-harness/commit/5ea77078d6ee9a1947ba35cd865f4f60048899cf
https://github.com/deepseek-ai/deepseek-harness/commit/07ad70817f5102da15dae8cae1ea0ae4cbcfb78f","必须改代码。现有native Profile/Bundle元数据及exact peers实装；不能把旧optional peers当新版可加载凭证。package.json:99-163；host/profile-plugin-manager.ts:173-299
发布包R0：1.2.6基于dsh rc.1，本项新版语义未独立认证。
并行B?：用户本地适配进行中，未推送进度不可见；实施前比对活动分支。",package.json:99-163；src/host/profile-plugin-manager.ts:173-299,核新版package manifest与per-export元数据、兼容检查；升级peer pins并检查manifest解析；保持单Host身份,故意混rc3/rc2 peers须被拒；有效候选安装/移除/重装；不要用兼容豁免掩盖身份错乱,P0,Bundle manifest/string-array路径检查已适配；完整数组矩阵仍归A,Native Bundle manifest/exact peers retained and pack/install/remove/reinstall validated,可信integration串行整合；未知A/C内容未采纳,固定4session成果已交；公共接线由E完成，不再等待停止worker,Final candidate regression and original feature-specific risk boundaries apply; whole-suite/stock pass is not per-feature inference or cross-platform proof.,205207c全局候选：241files/2369pass/1既有Clarify skip，typecheck/build/pack55/source-lib23一致；stock生命周期/默认privacy/Hostfiles watch PTY通过。逐项历史证据及未测边界保留；全局门禁不是127项逐项PTY认证。 该行既有记录：4433deb full2181pass1skip/Node24 typecheck/build/pack37/23lib identical/official stock lifecycle passed. Same tarball16cf416b60244e569673550a3862c3fb79f5917274520c6401f0b2fb210e53ab; aggregate gates are not individual feature or cross-platform certification. Same package terminal26 and management17 PTY passed; individual row boundaries remain.,tests/package-contract.test.ts; 190c601 same-package stock; .artifacts/p1-4433deb/candidate.json; .artifacts/final-full-4433deb.log; docs/integration-acceptance-2026-09-30.md; .artifacts/p1-4433deb/terminal-pty.log; .artifacts/p1-4433deb/management-pty.log,"Source/module checks, composed service checks, historical fixed-package PTY and final-package gates are separate. Only explicitly named journeys count as PTY; no inference from total test count."
1,F002 文件、Skill和交付链接的侧栏预览,"已发布预发布版0.2.0-rc.2；首见0.1.6-alpha.1；https://github.com/deepseek-ai/deepseek-harness/commit/8d1e8acdec3c61a069fb20de56f5704b374d0549
https://github.com/deepseek-ai/deepseek-harness/commit/61b02efa84260bfe9fcc55a3ea032709e14a1856
https://github.com/deepseek-ai/deepseek-harness/commit/7c4067c24e3532a7ddfbaebda873b63d299ab6a9
https://github.com/deepseek-ai/deepseek-harness/commit/07c6a65f4f7569c9530d6c2aa4e7079d745f1c74
https://github.com/deepseek-ai/deepseek-harness/commit/e9f2ad41a1848f8242df59ffe890b59eeca84af4
https://github.com/deepseek-ai/deepseek-harness/commit/f28c6547995a448789e3744b3ce1078e1e3e10d9
https://github.com/deepseek-ai/deepseek-harness/commit/ff3d162401ca5e080a427d2b279d07aac90eb877
https://github.com/deepseek-ai/deepseek-harness/commit/ab9689b2ca44934ebd30b03f63e300fb13a043e8
https://github.com/deepseek-ai/deepseek-harness/commit/3f5b1e283b9c9d833c3e24516bbd25d7ee80fc6e","已原生支持（部分）；必须改代码（新交付语义）。/files已有产物分组、read/open/copy路径；Skills目录可看；没有复用Web侧栏。capabilities.ts:1452-1494；actions.ts:4328-4412
发布包R0：1.2.6基于dsh rc.1，本项新版语义未独立认证。
并行B?：用户本地适配进行中，未推送进度不可见；实施前比对活动分支。",src/client/capabilities.ts:1452-1494；src/client/actions.ts:4328-4412,保留TUI列表；新file-reference/attachment/交付链接映射为可打开文本卡；无需复刻浏览器侧栏,首次发消息前打开、冷历史引用、中文/空格路径、找不到文件、确认外部打开,P1,原矩阵记录旧基线源码已有能力；不等于rc.2逐项运行通过,"Public file receipts/reference selection and existing images wired; source/service evidence, packaged PTY pending",可信integration串行整合；未知A/C内容未采纳,固定4session成果已交；公共接线由E完成，不再等待停止worker,Independent190 real txt/mp3/mp4 storage hash + mixed text/image/3file actual native prompt/requestId/model fixture reply + durable V4 attachments passed; invalid PNG keeps draft. Reference-modal P2/visible cancellation warning fixed4433deb; final counterexample recheck pending. No native audio/video or SSH semantics claim.,205207c全局候选：241files/2369pass/1既有Clarify skip，typecheck/build/pack55/source-lib23一致；stock生命周期/默认privacy/Hostfiles watch PTY通过。逐项历史证据及未测边界保留；全局门禁不是127项逐项PTY认证。 该行既有记录：4433deb full2181pass1skip/Node24 typecheck/build/pack37/23lib identical/official stock lifecycle passed. Same tarball16cf416b60244e569673550a3862c3fb79f5917274520c6401f0b2fb210e53ab; aggregate gates are not individual feature or cross-platform certification. Same package terminal26 and management17 PTY passed; individual row boundaries remain.,docs/file-public-wiring-2026-09-30.md; .artifacts/file-public-final.log (97); .artifacts/official-child-file-public.log (42); .artifacts/p1-4433deb/candidate.json; .artifacts/final-full-4433deb.log; docs/integration-acceptance-2026-09-30.md; .artifacts/p1-4433deb/terminal-pty.log; .artifacts/p1-4433deb/management-pty.log,"Source/module checks, composed service checks, historical fixed-package PTY and final-package gates are separate. Only explicitly named journeys count as PTY; no inference from total test count."
2,F003 图片输入规格、token估算、缓存和offload,"已发布预发布版0.2.0-rc.2；首见0.1.6-alpha.1；https://github.com/deepseek-ai/deepseek-harness/commit/646c4c2f33234a32e97bda9bb513aab10b673e1a
https://github.com/deepseek-ai/deepseek-harness/commit/3ece27847c8f4014034422e457d2859b82a3e8e4
https://github.com/deepseek-ai/deepseek-harness/commit/ac34c5deac2e499cb9b1ace13a98f90398abdb6f
https://github.com/deepseek-ai/deepseek-harness/commit/48de2d1ba082aa4fbb06f30e53f848a16e352670","Host自动获得（计算/cache）；必须改代码（V4/offload视图）。图片4类型和Host limits已有；base64临时draft；旧vendor投影未随Host升级。capabilities.ts:1181-1291；api-compat.ts:112-145
发布包R0：1.2.6基于dsh rc.1，本项新版语义未独立认证。
并行B?：用户本地适配进行中，未推送进度不可见；实施前比对活动分支。",src/client/capabilities.ts:1181-1291；src/host/api-compat.ts:112-145,升级官方图片服务即可得计算和cache；同步image/file refs、offload后的历史与token显示,同图重复请求cache、V4恢复、超限、附件被offload后显示/导出完整,P1,依赖升级允许继承，实际装配/表现仍需核验,"Public file receipts/reference selection and existing images wired; source/service evidence, packaged PTY pending",可信integration串行整合；未知A/C内容未采纳,固定4session成果已交；公共接线由E完成，不再等待停止worker,Independent190 real txt/mp3/mp4 storage hash + mixed text/image/3file actual native prompt/requestId/model fixture reply + durable V4 attachments passed; invalid PNG keeps draft. Reference-modal P2/visible cancellation warning fixed4433deb; final counterexample recheck pending. No native audio/video or SSH semantics claim.,205207c全局候选：241files/2369pass/1既有Clarify skip，typecheck/build/pack55/source-lib23一致；stock生命周期/默认privacy/Hostfiles watch PTY通过。逐项历史证据及未测边界保留；全局门禁不是127项逐项PTY认证。 该行既有记录：4433deb full2181pass1skip/Node24 typecheck/build/pack37/23lib identical/official stock lifecycle passed. Same tarball16cf416b60244e569673550a3862c3fb79f5917274520c6401f0b2fb210e53ab; aggregate gates are not individual feature or cross-platform certification. Same package terminal26 and management17 PTY passed; individual row boundaries remain.,docs/file-public-wiring-2026-09-30.md; .artifacts/file-public-final.log (97); .artifacts/official-child-file-public.log (42); .artifacts/p1-4433deb/candidate.json; .artifacts/final-full-4433deb.log; docs/integration-acceptance-2026-09-30.md; .artifacts/p1-4433deb/terminal-pty.log; .artifacts/p1-4433deb/management-pty.log,"Source/module checks, composed service checks, historical fixed-package PTY and final-package gates are separate. Only explicitly named journeys count as PTY; no inference from total test count."
3,F004 模式选择与代码工作工具的可见性,"已发布预发布版0.2.0-rc.2；首见0.1.6-alpha.1；https://github.com/deepseek-ai/deepseek-harness/commit/c31ac4fdfe4dc52d3a0de151466a7c4989ff676a
https://github.com/deepseek-ai/deepseek-harness/commit/215226753dc5e4e66c42d0483e6d60526dbaf0e7
https://github.com/deepseek-ai/deepseek-harness/commit/1b83e0ff13f19f3da75b9cd47bdf34185b3515c5
https://github.com/deepseek-ai/deepseek-harness/commit/c0f0bcf5878facd4eaccbc0ed13559df1b21a4e0
https://github.com/deepseek-ai/deepseek-harness/commit/1103c1a7dd79774979443047c981fd500de94636
https://github.com/deepseek-ai/deepseek-harness/commit/e8a777fb326d935da72bb5020bd934d1ca90c3fa","已原生支持（模式目录）；必须改代码（新版配置）。/mode动态preset list，非空session创建新session；设置页固定agent-presets namespace。capabilities.ts:766-833；actions.ts:3021-3060
发布包R0：1.2.6基于dsh rc.1，本项新版语义未独立认证。
并行B?：用户本地适配进行中，未推送进度不可见；实施前比对活动分支。",src/client/capabilities.ts:766-833；src/client/actions.ts:3021-3060,映射新registry和Config entry，明确默认preset/Creator是否可用；Web独立显示开关不照搬,blank/非blank、缺preset、broken preset、禁用代码工具仍可配置preset,P1,模式选择与原生Preset registry已适配；list/read真实形状归B/C,Native roster/display contracts implemented; source integrated; individual package boundaries below,可信integration串行整合；未知A/C内容未采纳,固定4session成果已交；公共接线由E完成，不再等待停止worker,"Complete final immutable-package acceptance and independent review; retain original row risk requirements. Final4433deb terminal26 includes actual standard-Preset boot, native ZIP canonical V4 with child/image, Markdown and cold resume; other codec branches stay source-test evidence.",205207c全局候选：241files/2369pass/1既有Clarify skip，typecheck/build/pack55/source-lib23一致；stock生命周期/默认privacy/Hostfiles watch PTY通过。逐项历史证据及未测边界保留；全局门禁不是127项逐项PTY认证。 该行既有记录：4433deb full2181pass1skip/Node24 typecheck/build/pack37/23lib identical/official stock lifecycle passed. Same tarball16cf416b60244e569673550a3862c3fb79f5917274520c6401f0b2fb210e53ab; aggregate gates are not individual feature or cross-platform certification. Same package terminal26 and management17 PTY passed; individual row boundaries remain.,b751b75; tests/native-projection-domains.test.js; .artifacts/p1-4433deb/candidate.json; .artifacts/final-full-4433deb.log; docs/integration-acceptance-2026-09-30.md; .artifacts/p1-4433deb/terminal-pty.log; .artifacts/p1-4433deb/management-pty.log,"Source/module checks, composed service checks, historical fixed-package PTY and final-package gates are separate. Only explicitly named journeys count as PTY; no inference from total test count."
4,F005 会话耗时、运行状态和动效,"已发布预发布版0.2.0-rc.2；首见0.1.6-alpha.1；https://github.com/deepseek-ai/deepseek-harness/commit/f63fdd89f4610b4c66e92ee26c16e41af8e10926
https://github.com/deepseek-ai/deepseek-harness/commit/3e216c3d64fdd7892ddfdfef554372d1fb23ea17
https://github.com/deepseek-ai/deepseek-harness/commit/31e6b3f15061b64cc2827492055b2ce8914945bb
https://github.com/deepseek-ai/deepseek-harness/commit/e5e9b5b98220206b1ea2727cbc4536556e6d4ce6
https://github.com/deepseek-ai/deepseek-harness/commit/78a21f29a9b6d6fe81e7e385a5b7375422c3f503
https://github.com/deepseek-ai/deepseek-harness/commit/1ae8857842627ea5928b55f6d57a88f771d8dddb
https://github.com/deepseek-ai/deepseek-harness/commit/7c5f35360fd78a192edcd0bea6ffe794a27548e7","已原生支持（独立TUI计时）；Host自动获得（新状态）。headerFacts/sessionStatistics与running计时、jobs状态已有；不是Web鲸尾动画。capabilities.ts:667-696/1314-1391；chrome.ts
发布包R0：1.2.6基于dsh rc.1，本项新版语义未独立认证。
并行B?：用户本地适配进行中，未推送进度不可见；实施前比对活动分支。",src/client/capabilities.ts:667-696；src/client/chrome.ts,把准备/工具进度接入新状态模型；保留终端轻量spinner；小时级格式对齐,运行>1h、准备中取消、后台job完成、重启恢复不显示负耗时,P1,原矩阵记录旧基线源码已有能力；不等于rc.2逐项运行通过,既有TUI能力；新版回归待E,可信integration串行整合；未知A/C内容未采纳,固定4session成果已交；公共接线由E完成，不再等待停止worker,沿用原矩阵接入方案，补目标Host证据；未证明不标完成,205207c全局候选：241files/2369pass/1既有Clarify skip，typecheck/build/pack55/source-lib23一致；stock生命周期/默认privacy/Hostfiles watch PTY通过。逐项历史证据及未测边界保留；全局门禁不是127项逐项PTY认证。 该行既有记录：4433deb full2181pass1skip/Node24 typecheck/build/pack37/23lib identical/official stock lifecycle passed. Same tarball16cf416b60244e569673550a3862c3fb79f5917274520c6401f0b2fb210e53ab; aggregate gates are not individual feature or cross-platform certification. Same package terminal26 and management17 PTY passed; individual row boundaries remain.,; .artifacts/p1-4433deb/candidate.json; .artifacts/final-full-4433deb.log; docs/integration-acceptance-2026-09-30.md; .artifacts/p1-4433deb/terminal-pty.log; .artifacts/p1-4433deb/management-pty.log,"Source/module checks, composed service checks, historical fixed-package PTY and final-package gates are separate. Only explicitly named journeys count as PTY; no inference from total test count."
5,F006 输入框菜单、键盘及空间布局,"已发布预发布版0.2.0-rc.2；首见0.1.6-alpha.1；https://github.com/deepseek-ai/deepseek-harness/commit/8f85739d7bad21584633a1dd5ea15a0c39d75a1d
https://github.com/deepseek-ai/deepseek-harness/commit/ac0acf55a6daa118a08c2c1b7ad27071542b6498
https://github.com/deepseek-ai/deepseek-harness/commit/933d3bf39e5ed66a3c87560270ad4b114ee24c33
https://github.com/deepseek-ai/deepseek-harness/commit/3b8be2928f4008233fab23ff6b93068abe9afaa0","已原生支持（独立TUI）；不适用（浏览器布局）。命令palette/autocomplete、方向/Enter/Tab/Esc与鼠标几何已实现。actions.ts:759-805；autocomplete.ts；overlays.ts
发布包R0：1.2.6基于dsh rc.1，本项新版语义未独立认证。
并行B?：用户本地适配进行中，未推送进度不可见；实施前比对活动分支。",src/client/actions.ts:759-805；src/client/autocomplete.ts；src/client/overlays.ts,保留终端交互，动态命令新增本地化字段需映射；不移植CSS图标压缩逻辑,窄宽窗口、中文、候选刷新不重复发送，焦点/选择恢复,,原矩阵记录旧基线源码已有能力；不等于rc.2逐项运行通过,既有TUI能力；新版回归待E,可信integration串行整合；未知A/C内容未采纳,固定4session成果已交；公共接线由E完成，不再等待停止worker,沿用原矩阵接入方案，补目标Host证据；未证明不标完成,205207c全局候选：241files/2369pass/1既有Clarify skip，typecheck/build/pack55/source-lib23一致；stock生命周期/默认privacy/Hostfiles watch PTY通过。逐项历史证据及未测边界保留；全局门禁不是127项逐项PTY认证。 该行既有记录：4433deb full2181pass1skip/Node24 typecheck/build/pack37/23lib identical/official stock lifecycle passed. Same tarball16cf416b60244e569673550a3862c3fb79f5917274520c6401f0b2fb210e53ab; aggregate gates are not individual feature or cross-platform certification. Same package terminal26 and management17 PTY passed; individual row boundaries remain.,; .artifacts/p1-4433deb/candidate.json; .artifacts/final-full-4433deb.log; docs/integration-acceptance-2026-09-30.md; .artifacts/p1-4433deb/terminal-pty.log; .artifacts/p1-4433deb/management-pty.log,"Source/module checks, composed service checks, historical fixed-package PTY and final-package gates are separate. Only explicitly named journeys count as PTY; no inference from total test count."
6,F007 桌面打包、启动速度和故障恢复,"已发布预发布版0.2.0-rc.2；首见0.1.6-alpha.1；https://github.com/deepseek-ai/deepseek-harness/commit/6fc0064b704edaf3d56ac000b68cb67864709942
https://github.com/deepseek-ai/deepseek-harness/commit/05fb7b90e8260395400b0d70976603a833f6aed1
https://github.com/deepseek-ai/deepseek-harness/commit/6f893f270a404d4c67b2adc36aa3540a0e38b9e1
https://github.com/deepseek-ai/deepseek-harness/commit/024a7f8107a32691741334590e494ebc1e01a641
https://github.com/deepseek-ai/deepseek-harness/commit/bf34d10e23a385c01bc499144856a27e95f89e01
https://github.com/deepseek-ai/deepseek-harness/commit/f5b0f56ce683f980d2e472af0a09cdaef4d6eda0
https://github.com/deepseek-ai/deepseek-harness/commit/35fe8e096649bb917a2643905b666da8bbc9c9d6
https://github.com/deepseek-ai/deepseek-harness/commit/dcac4c6eacb52adc99894157626f97d4a85a030e
https://github.com/deepseek-ai/deepseek-harness/commit/3a3aaaf796b875a1830f76a333377ba7e57ef41b
https://github.com/deepseek-ai/deepseek-harness/commit/af28c551f338724b3de5fa714a950498aabb0e08
https://github.com/deepseek-ai/deepseek-harness/commit/84394b818cc16edcce758aedd42c2d3b9d42aa45
https://github.com/deepseek-ai/deepseek-harness/commit/c5dc0853d67f17ac5d53ebc42940758debef1af1
https://github.com/deepseek-ai/deepseek-harness/commit/3bcf1bfc7c3df301062e9f862ce28a1efb05f5dc
https://github.com/deepseek-ai/deepseek-harness/commit/d1b1de1734bb1c773a6300996126b528c466ac99","不适用（Electron产品）；Host自动获得（共享启动修复）。SeekTTY启动原生Node TUI，不打包Electron。package.json；bin.ts；host/startup.ts
发布包R0：1.2.6基于dsh rc.1，本项新版语义未独立认证。
并行B?：用户本地适配进行中，未推送进度不可见；实施前比对活动分支。",package.json；src/bin.ts；src/host/startup.ts,不做桌面签名/asar/crash-dialog；对共享app-boot/native依赖升级跑现有三平台launcher,不要承诺桌面快启动修复也修好TUI；缺native addon给可诊断失败,,原矩阵明确终端不适用；部分等价能力按原文保留,终端不适用（按原矩阵具体理由）,可信integration串行整合；未知A/C内容未采纳,固定4session成果已交；公共接线由E完成，不再等待停止worker,不适用（Electron产品）；Host自动获得（共享启动修复）。SeekTTY启动原生Node TUI，不打包Electron。package.json；bin.ts；host/startup.ts,205207c全局候选：241files/2369pass/1既有Clarify skip，typecheck/build/pack55/source-lib23一致；stock生命周期/默认privacy/Hostfiles watch PTY通过。逐项历史证据及未测边界保留；全局门禁不是127项逐项PTY认证。 该行既有记录：4433deb full2181pass1skip/Node24 typecheck/build/pack37/23lib identical/official stock lifecycle passed. Same tarball16cf416b60244e569673550a3862c3fb79f5917274520c6401f0b2fb210e53ab; aggregate gates are not individual feature or cross-platform certification. Same package terminal26 and management17 PTY passed; individual row boundaries remain.,; .artifacts/p1-4433deb/candidate.json; .artifacts/final-full-4433deb.log; docs/integration-acceptance-2026-09-30.md; .artifacts/p1-4433deb/terminal-pty.log; .artifacts/p1-4433deb/management-pty.log,"Source/module checks, composed service checks, historical fixed-package PTY and final-package gates are separate. Only explicitly named journeys count as PTY; no inference from total test count."
7,F008 Session同步历史读取弃用,已发布预发布版0.2.0-rc.2；首见0.1.6-alpha.1；https://github.com/deepseek-ai/deepseek-harness/commit/42b50bd37776a2097b720ccbd5062575f2ac91bd,"必须改代码。api-compat.ts:235 live工具展示调用snapshotEvents()；同步读取明确存在
发布包R0：1.2.6基于dsh rc.1，本项新版语义未独立认证。
并行B?：用户本地适配进行中，未推送进度不可见；实施前比对活动分支。",src/host/api-compat.ts:235,改用异步权威journal/inspect或流中已有indexed history，避免每事件扫全历史；取消/释放受控,冷history工具结果、并发event顺序、取消和长历史性能；不新建Session持久化,P0,00dba96未逐项证明完整支持,V4 async history/export implemented; source integrated; individual package boundaries below,可信integration串行整合；未知A/C内容未采纳,固定4session成果已交；公共接线由E完成，不再等待停止worker,"Complete final immutable-package acceptance and independent review; retain original row risk requirements. Final4433deb terminal26 includes actual standard-Preset boot, native ZIP canonical V4 with child/image, Markdown and cold resume; other codec branches stay source-test evidence.",205207c全局候选：241files/2369pass/1既有Clarify skip，typecheck/build/pack55/source-lib23一致；stock生命周期/默认privacy/Hostfiles watch PTY通过。逐项历史证据及未测边界保留；全局门禁不是127项逐项PTY认证。 该行既有记录：4433deb full2181pass1skip/Node24 typecheck/build/pack37/23lib identical/official stock lifecycle passed. Same tarball16cf416b60244e569673550a3862c3fb79f5917274520c6401f0b2fb210e53ab; aggregate gates are not individual feature or cross-platform certification. Same package terminal26 and management17 PTY passed; individual row boundaries remain.,a5c0bac; tests/native-history-contract.test.ts; .artifacts/p1-4433deb/candidate.json; .artifacts/final-full-4433deb.log; docs/integration-acceptance-2026-09-30.md; .artifacts/p1-4433deb/terminal-pty.log; .artifacts/p1-4433deb/management-pty.log,"Source/module checks, composed service checks, historical fixed-package PTY and final-package gates are separate. Only explicitly named journeys count as PTY; no inference from total test count."
8,F009 反馈提交和反馈表单,"已发布预发布版0.2.0-rc.2；首见0.1.6-alpha.1；https://github.com/deepseek-ai/deepseek-harness/commit/c291e7961a515f6d7af9304e7fd1d257929aef26
https://github.com/deepseek-ai/deepseek-harness/commit/0ed5151d0be7aae438f50c867ff0393cb616ca47
https://github.com/deepseek-ai/deepseek-harness/commit/32ca1275657d4f3c63d8177b48c7be53b31334b1
https://github.com/deepseek-ai/deepseek-harness/commit/4e2507465192dd27faa2ccda5a261a943b1c8058","已原生支持（会话/消息反馈）；不适用（顶栏问卷UI）。/feedback、message feedback put/remove已接Host；不是新账号问卷。capabilities.ts:993-1002/1618-1693
发布包R0：1.2.6基于dsh rc.1，本项新版语义未独立认证。
并行B?：用户本地适配进行中，未推送进度不可见；实施前比对活动分支。",src/client/capabilities.ts:993-1002,核新版feedback Remote仍兼容；若添加问卷URL须展示目的和预填字段，禁止默认把额外账号设备信息外发,失败保留输入、删除反馈、会话切换、无凭据日志；不冒称新的问卷已集成,P1,原矩阵记录旧基线源码已有能力；不等于rc.2逐项运行通过,既有TUI能力；新版回归待E,可信integration串行整合；未知A/C内容未采纳,固定4session成果已交；公共接线由E完成，不再等待停止worker,沿用原矩阵接入方案，补目标Host证据；未证明不标完成,205207c全局候选：241files/2369pass/1既有Clarify skip，typecheck/build/pack55/source-lib23一致；stock生命周期/默认privacy/Hostfiles watch PTY通过。逐项历史证据及未测边界保留；全局门禁不是127项逐项PTY认证。 该行既有记录：4433deb full2181pass1skip/Node24 typecheck/build/pack37/23lib identical/official stock lifecycle passed. Same tarball16cf416b60244e569673550a3862c3fb79f5917274520c6401f0b2fb210e53ab; aggregate gates are not individual feature or cross-platform certification. Same package terminal26 and management17 PTY passed; individual row boundaries remain.,; .artifacts/p1-4433deb/candidate.json; .artifacts/final-full-4433deb.log; docs/integration-acceptance-2026-09-30.md; .artifacts/p1-4433deb/terminal-pty.log; .artifacts/p1-4433deb/management-pty.log,"Source/module checks, composed service checks, historical fixed-package PTY and final-package gates are separate. Only explicitly named journeys count as PTY; no inference from total test count."
9,F010 提问卡片跳过文案,已发布预发布版0.2.0-rc.2；首见0.1.6-alpha.1；https://github.com/deepseek-ai/deepseek-harness/commit/1f56a2c0e012977e9f70708f7d01353fe35a61b5,"已原生支持（跳过/取消）；必须改代码（如新增异步语义）。NativeInteractions/questions保留answer id、multiSelect、custom和cancel校验。native-interactions.ts:71-114
发布包R0：1.2.6基于dsh rc.1，本项新版语义未独立认证。
并行B?：用户本地适配进行中，未推送进度不可见；实施前比对活动分支。",src/host/native-interactions.ts:71-114,普通skip文案可沿终端本地化；timed/late question由F104单独适配，不用UI改字替代协议工作,skip空回答、cancel、迟到重复提交、跨session不接受,P1,原矩阵记录旧基线源码已有能力；不等于rc.2逐项运行通过,既有TUI能力；新版回归待E,可信integration串行整合；未知A/C内容未采纳,固定4session成果已交；公共接线由E完成，不再等待停止worker,沿用原矩阵接入方案，补目标Host证据；未证明不标完成,205207c全局候选：241files/2369pass/1既有Clarify skip，typecheck/build/pack55/source-lib23一致；stock生命周期/默认privacy/Hostfiles watch PTY通过。逐项历史证据及未测边界保留；全局门禁不是127项逐项PTY认证。 该行既有记录：4433deb full2181pass1skip/Node24 typecheck/build/pack37/23lib identical/official stock lifecycle passed. Same tarball16cf416b60244e569673550a3862c3fb79f5917274520c6401f0b2fb210e53ab; aggregate gates are not individual feature or cross-platform certification. Same package terminal26 and management17 PTY passed; individual row boundaries remain.,; .artifacts/p1-4433deb/candidate.json; .artifacts/final-full-4433deb.log; docs/integration-acceptance-2026-09-30.md; .artifacts/p1-4433deb/terminal-pty.log; .artifacts/p1-4433deb/management-pty.log,"Source/module checks, composed service checks, historical fixed-package PTY and final-package gates are separate. Only explicitly named journeys count as PTY; no inference from total test count."
10,F011 启动错误隔离与可恢复诊断,"已发布预发布版0.2.0-rc.2；首见0.1.6-alpha.1；https://github.com/deepseek-ai/deepseek-harness/commit/239f695e1f447d36e113a79e0e1bb10bb3db1a19
https://github.com/deepseek-ai/deepseek-harness/commit/e7a4621aa92cb7bd4124c3c717054b3c111ca607
https://github.com/deepseek-ai/deepseek-harness/commit/de662ee010e5ae1081354808c3ef24af68c7ab1d
https://github.com/deepseek-ai/deepseek-harness/commit/9a816ec17165a9f4076d11b2e1f6de543630e647
https://github.com/deepseek-ai/deepseek-harness/commit/fb018e3e7a8eadf755c9c0804b258ecb6e6f83f6","Host自动获得；必须改代码（终端诊断接入）。host/index.ts:45-105启动失败stderr/appExit；/doctor诊断；native没有Web可恢复控件
发布包R0：1.2.6基于dsh rc.1，本项新版语义未独立认证。
并行B?：用户本地适配进行中，未推送进度不可见；实施前比对活动分支。",src/host/index.ts:45-105,基于新版required/optional激活诊断显示可行动错误，保留optional失效后的本地设置/插件入口,required挂载失败非零退出；optional无死入口；不在失败时重复执行未知安装,P1,依赖升级允许继承，实际装配/表现仍需核验,Connection/doctor contracts implemented; source integrated; individual package boundaries below,可信integration串行整合；未知A/C内容未采纳,固定4session成果已交；公共接线由E完成，不再等待停止worker,Complete final immutable-package acceptance and independent review; retain original row risk requirements.,205207c全局候选：241files/2369pass/1既有Clarify skip，typecheck/build/pack55/source-lib23一致；stock生命周期/默认privacy/Hostfiles watch PTY通过。逐项历史证据及未测边界保留；全局门禁不是127项逐项PTY认证。 该行既有记录：4433deb full2181pass1skip/Node24 typecheck/build/pack37/23lib identical/official stock lifecycle passed. Same tarball16cf416b60244e569673550a3862c3fb79f5917274520c6401f0b2fb210e53ab; aggregate gates are not individual feature or cross-platform certification. Same package terminal26 and management17 PTY passed; individual row boundaries remain.,b751b75; tests/vendor-connection-readiness.test.js; .artifacts/p1-4433deb/candidate.json; .artifacts/final-full-4433deb.log; docs/integration-acceptance-2026-09-30.md; .artifacts/p1-4433deb/terminal-pty.log; .artifacts/p1-4433deb/management-pty.log,"Source/module checks, composed service checks, historical fixed-package PTY and final-package gates are separate. Only explicitly named journeys count as PTY; no inference from total test count."
11,F012 连接提示、重启恢复与Safari续流,"已发布预发布版0.2.0-rc.2；首见0.1.6-alpha.1；https://github.com/deepseek-ai/deepseek-harness/commit/ef39ebd0bb0c2f288245f77ded811714642005a4
https://github.com/deepseek-ai/deepseek-harness/commit/d7c238a98d5eac3da2b1828bfdc3e0247e67bb04
https://github.com/deepseek-ai/deepseek-harness/commit/3dcfbf2094f820e33bdf34d8126644923ef8d47d
https://github.com/deepseek-ai/deepseek-harness/commit/1ca4e2af337dc19eba0f46f8a57e7e88184a5915","必须改代码（旧Client生命周期）；不适用（Safari特例）。vendor/client-connection+compat/client-connection.ts保留旧controller；restart有draft handoff
发布包R0：1.2.6基于dsh rc.1，本项新版语义未独立认证。
并行B?：用户本地适配进行中，未推送进度不可见；实施前比对活动分支。",src/client/capabilities.ts；src/client/actions.ts,对齐ready/generation/ref生命周期、stream取消与history重读；保留草稿附件；Safari parser补丁不自动成为TUI收益,断开-恢复/重载时原prompt不重发、旧generation回答失效、尾文本完整,P0,00dba96未逐项证明完整支持,Generation recovery and cached/sequenced separation implemented; source integrated; individual package boundaries below,可信integration串行整合；未知A/C内容未采纳,固定4session成果已交；公共接线由E完成，不再等待停止worker,Complete final immutable-package acceptance and independent review; retain original row risk requirements.,205207c全局候选：241files/2369pass/1既有Clarify skip，typecheck/build/pack55/source-lib23一致；stock生命周期/默认privacy/Hostfiles watch PTY通过。逐项历史证据及未测边界保留；全局门禁不是127项逐项PTY认证。 该行既有记录：4433deb full2181pass1skip/Node24 typecheck/build/pack37/23lib identical/official stock lifecycle passed. Same tarball16cf416b60244e569673550a3862c3fb79f5917274520c6401f0b2fb210e53ab; aggregate gates are not individual feature or cross-platform certification. Same package terminal26 and management17 PTY passed; individual row boundaries remain.,b751b75; ca5c627; tests/native-projection-domains.test.js; .artifacts/p1-4433deb/candidate.json; .artifacts/final-full-4433deb.log; docs/integration-acceptance-2026-09-30.md; .artifacts/p1-4433deb/terminal-pty.log; .artifacts/p1-4433deb/management-pty.log,"Source/module checks, composed service checks, historical fixed-package PTY and final-package gates are separate. Only explicitly named journeys count as PTY; no inference from total test count."
12,F013 PTC提示词的字面双花括号,已发布预发布版0.2.0-rc.2；首见0.1.6-alpha.1；https://github.com/deepseek-ai/deepseek-harness/commit/20106ecda8f9cd46d2d0ce074a7a60c384b84185,"Host自动获得（完成PTC迁移后）。TUI不生产官方PTC指令，仅工具卡展示；cordis.patch.yml:120挂旧code-runtime
发布包R0：1.2.6基于dsh rc.1，本项新版语义未独立认证。
并行B?：用户本地适配进行中，未推送进度不可见；实施前比对活动分支。",cordis.patch.yml:120,随ptc-runtime-node更新获得提示修正；不在终端手写另一套PTC模板,带{{literal}}参数、run_code正常结果展示；确认Host模板不被persona patch意外覆盖,P1,依赖升级允许继承，实际装配/表现仍需核验,Host继承候选；装配/投影回归待E,可信integration串行整合；未知A/C内容未采纳,固定4session成果已交；公共接线由E完成，不再等待停止worker,沿用原矩阵接入方案，补目标Host证据；未证明不标完成,205207c全局候选：241files/2369pass/1既有Clarify skip，typecheck/build/pack55/source-lib23一致；stock生命周期/默认privacy/Hostfiles watch PTY通过。逐项历史证据及未测边界保留；全局门禁不是127项逐项PTY认证。 该行既有记录：4433deb full2181pass1skip/Node24 typecheck/build/pack37/23lib identical/official stock lifecycle passed. Same tarball16cf416b60244e569673550a3862c3fb79f5917274520c6401f0b2fb210e53ab; aggregate gates are not individual feature or cross-platform certification. Same package terminal26 and management17 PTY passed; individual row boundaries remain.,; .artifacts/p1-4433deb/candidate.json; .artifacts/final-full-4433deb.log; docs/integration-acceptance-2026-09-30.md; .artifacts/p1-4433deb/terminal-pty.log; .artifacts/p1-4433deb/management-pty.log,"Source/module checks, composed service checks, historical fixed-package PTY and final-package gates are separate. Only explicitly named journeys count as PTY; no inference from total test count."
13,F014 DeepSeek Messages-only及Files协议,"已发布预发布版0.2.0-rc.2；首见0.1.6-alpha.1；https://github.com/deepseek-ai/deepseek-harness/commit/7485d75e380ca571baf60a6e2acaf136bf8b9adc
https://github.com/deepseek-ai/deepseek-harness/commit/5ca77db8651c000df37dde7c6499da3451063456
https://github.com/deepseek-ai/deepseek-harness/commit/bd421cce7bab7bf203b201ad5cd6e9aa9ebcecb5
https://github.com/deepseek-ai/deepseek-harness/commit/c4f1cae6c6e12bcb623b463b3aad80c021d4e73e
https://github.com/deepseek-ai/deepseek-harness/commit/941cf78b5d8552c92fdfbeb183c4d533b8e3f919
https://github.com/deepseek-ai/deepseek-harness/commit/965e2c29956dd7c2407c04ab01f28f83bf480cfb
https://github.com/deepseek-ai/deepseek-harness/commit/ce4810cacbb4a70bb9847863ac17986ebdb1931a
https://github.com/deepseek-ai/deepseek-harness/commit/4b49137aa681567398ee424762d015b56b46a4bc
https://github.com/deepseek-ai/deepseek-harness/commit/3f33c06f40be73548a30c7c605e4a316eb9faa41
https://github.com/deepseek-ai/deepseek-harness/commit/783569bf73f7a2cd13c2d8125c56e4d864f8a2f8","必须改代码（Provider/默认route）；Host自动获得（协议引擎）。官方DeepSeek快速入门和pi-ai自定义Provider均有；namespace/endpoint界面按旧schema消费。provider-onboarding.ts；provider-manager.ts:503/837/1019
发布包R0：1.2.6基于dsh rc.1，本项新版语义未独立认证。
并行B?：用户本地适配进行中，未推送进度不可见；实施前比对活动分支。",src/client/provider-onboarding.ts；src/client/provider-manager.ts:503,新官方DeepSeek route用Messages/Files，旧地址迁移提示；保留generic pi-ai三协议能力，不全局删除Chat Completions选项,旧官方endpoint可诊断迁移、无效model、secret保留、Files错误/过期；用loopback不付费,P0,loopback Messages、Files图片与Provider配置已有历史验收,Native rc.2 Provider routing and Files prompt receipts integrated; inference/model-native audio/video not claimed,可信integration串行整合；未知A/C内容未采纳,固定4session成果已交；公共接线由E完成，不再等待停止worker,Final candidate regression and original feature-specific risk boundaries apply; whole-suite/stock pass is not per-feature inference or cross-platform proof.,205207c全局候选：241files/2369pass/1既有Clarify skip，typecheck/build/pack55/source-lib23一致；stock生命周期/默认privacy/Hostfiles watch PTY通过。逐项历史证据及未测边界保留；全局门禁不是127项逐项PTY认证。 该行既有记录：4433deb full2181pass1skip/Node24 typecheck/build/pack37/23lib identical/official stock lifecycle passed. Same tarball16cf416b60244e569673550a3862c3fb79f5917274520c6401f0b2fb210e53ab; aggregate gates are not individual feature or cross-platform certification. Same package terminal26 and management17 PTY passed; individual row boundaries remain.,998ec88; f302eff; tests/provider-instances.test.js; tests/file-public-wiring.test.js; .artifacts/p1-4433deb/candidate.json; .artifacts/final-full-4433deb.log; docs/integration-acceptance-2026-09-30.md; .artifacts/p1-4433deb/terminal-pty.log; .artifacts/p1-4433deb/management-pty.log,"Source/module checks, composed service checks, historical fixed-package PTY and final-package gates are separate. Only explicitly named journeys count as PTY; no inference from total test count."
14,F015 工作区排序、分组和会话标题,"已发布预发布版0.2.0-rc.2；首见0.1.6-alpha.1；https://github.com/deepseek-ai/deepseek-harness/commit/41de75a96d44414b3411b9095a80db9a00afa801
https://github.com/deepseek-ai/deepseek-harness/commit/15b5ba0d44de5609d18f62e9c6c70f3543653632
https://github.com/deepseek-ai/deepseek-harness/commit/65648082a37a93bb2bd1daff314f09b23ccb0fca
https://github.com/deepseek-ai/deepseek-harness/commit/a6f3d3b91d4e8a0629d92ba6e08ff6c25b266f80","已原生支持（排序/重命名）；必须改代码（置顶/新筛选如采纳）。workspace/session move、title和recent排序已有。capabilities.ts:1009-1176；actions.ts:842-888
发布包R0：1.2.6基于dsh rc.1，本项新版语义未独立认证。
并行B?：用户本地适配进行中，未推送进度不可见；实施前比对活动分支。",src/client/capabilities.ts:1009-1176；src/client/actions.ts:842-888,官方workspace目录树/hover为浏览器呈现；TUI可保原列表，新order/pin字段别在旧schema掉掉,重排序持久化、长中文标题、归档项不混普通列表、session切换保草稿,P1,原矩阵记录旧基线源码已有能力；不等于rc.2逐项运行通过,Public /sessions search/filter/pin/restore and native tree/list ordering retained,可信integration串行整合；未知A/C内容未采纳,固定4session成果已交；公共接线由E完成，不再等待停止worker,Workspace lazy grouping is not rewritten; actual large-workspace frame/latency measurement unrun. Per-workspace sorting/group presentation is not proven equivalent to every Web layout.,205207c全局候选：241files/2369pass/1既有Clarify skip，typecheck/build/pack55/source-lib23一致；stock生命周期/默认privacy/Hostfiles watch PTY通过。逐项历史证据及未测边界保留；全局门禁不是127项逐项PTY认证。 该行既有记录：4433deb full2181pass1skip/Node24 typecheck/build/pack37/23lib identical/official stock lifecycle passed. Same tarball16cf416b60244e569673550a3862c3fb79f5917274520c6401f0b2fb210e53ab; aggregate gates are not individual feature or cross-platform certification. Same package terminal26 and management17 PTY passed; individual row boundaries remain.,e8e48ea; tests/public-session-artifacts.test.js; tests/session-browser.test.ts; tests/artifact-view.test.ts; docs/public-session-artifacts-2026-09-30.md; .artifacts/p1-4433deb/candidate.json; .artifacts/final-full-4433deb.log; docs/integration-acceptance-2026-09-30.md; .artifacts/p1-4433deb/terminal-pty.log; .artifacts/p1-4433deb/management-pty.log,"Source/module checks, composed service checks, historical fixed-package PTY and final-package gates are separate. Only explicitly named journeys count as PTY; no inference from total test count."
15,F016 会话fork边界及空白会话一致性,"已发布预发布版0.2.0-rc.2；首见0.1.6-alpha.1；https://github.com/deepseek-ai/deepseek-harness/commit/f74d625e5a0da35a022907b821b0084e2ba423d2
https://github.com/deepseek-ai/deepseek-harness/commit/004526ab0a6f68fae74182c6efdc64873e5164e5
https://github.com/deepseek-ai/deepseek-harness/commit/5c8933fbe3967b407bf25cfe9483477c5f660f52
https://github.com/deepseek-ai/deepseek-harness/commit/3e206546fd3f15380c60313060025a680fc4d1bf
https://github.com/deepseek-ai/deepseek-harness/commit/00dac23ba06713a177bb28ebf3d8f57f561ad449
https://github.com/deepseek-ai/deepseek-harness/commit/3821dc58e344916c1f6d24f7d99d67b6773fa286
https://github.com/deepseek-ai/deepseek-harness/commit/883311e556c06cbb619930e6d76aff7d97e4bdc4
https://github.com/deepseek-ai/deepseek-harness/commit/b73a71e89c551546b1863724870293dd9ed95767","Host自动获得（执行一致性）；必须回归。forkSession原生Host调用，客户端不写fork日志。capabilities.ts:1077-1085；native-api-dispatch.ts:39-45
发布包R0：1.2.6基于dsh rc.1，本项新版语义未独立认证。
并行B?：用户本地适配进行中，未推送进度不可见；实施前比对活动分支。",src/client/capabilities.ts:1077-1085；src/host/native-api-dispatch.ts:39-45,复用新版fork/blank locks；将retained client受影响summary更新映射到新返回值,从指定完成turn fork、cold fork、accepted与blank并发、取消尾部文本保留,P1,依赖升级允许继承，实际装配/表现仍需核验,Native Session fork request retained; actual Session/Host remains owner,可信integration串行整合；未知A/C内容未采纳,固定4session成果已交；公共接线由E完成，不再等待停止worker,Final candidate regression and original feature-specific risk boundaries apply; whole-suite/stock pass is not per-feature inference or cross-platform proof.,205207c全局候选：241files/2369pass/1既有Clarify skip，typecheck/build/pack55/source-lib23一致；stock生命周期/默认privacy/Hostfiles watch PTY通过。逐项历史证据及未测边界保留；全局门禁不是127项逐项PTY认证。 该行既有记录：4433deb full2181pass1skip/Node24 typecheck/build/pack37/23lib identical/official stock lifecycle passed. Same tarball16cf416b60244e569673550a3862c3fb79f5917274520c6401f0b2fb210e53ab; aggregate gates are not individual feature or cross-platform certification. Same package terminal26 and management17 PTY passed; individual row boundaries remain.,tests/native-api-dispatch.test.ts; Native terminal session dispatcher; target Host stock; .artifacts/p1-4433deb/candidate.json; .artifacts/final-full-4433deb.log; docs/integration-acceptance-2026-09-30.md; .artifacts/p1-4433deb/terminal-pty.log; .artifacts/p1-4433deb/management-pty.log,"Source/module checks, composed service checks, historical fixed-package PTY and final-package gates are separate. Only explicitly named journeys count as PTY; no inference from total test count."
16,F017 Agent Team委派、邮箱投影和看板,"已发布预发布版0.2.0-rc.2；首见0.1.6-alpha.1；https://github.com/deepseek-ai/deepseek-harness/commit/eb56c2357511a8665be59264d2278d1286906a34
https://github.com/deepseek-ai/deepseek-harness/commit/51d8c454136c7aae5e24dd198e921713661faf5b
https://github.com/deepseek-ai/deepseek-harness/commit/eb570e306a4fc15f5116432727a386952cbbf5b4
https://github.com/deepseek-ai/deepseek-harness/commit/3f9567a4c99da299bbdd505f7e45e6cd006812ea
https://github.com/deepseek-ai/deepseek-harness/commit/5e0934ebbb74918575a83c2df64c7f284b365868
https://github.com/deepseek-ai/deepseek-harness/commit/7c296b3f0858c85911803d351a131cf14d2ab5be
https://github.com/deepseek-ai/deepseek-harness/commit/61936aa11396e454d4ce19a8cf5b352d0dec30af
https://github.com/deepseek-ai/deepseek-harness/commit/10292baeff6e14744b93430ae200097f9d27af03","待稳定/显式启用；必须改代码（专门看板）。现有subagent tree读取SubagentCatalog；agentTeam/mailbox未见于固定main专门视图；generic投影可在status查看。agent-tree.ts；subagent-presentation.ts
发布包R0：1.2.6基于dsh rc.1，本项新版语义未独立认证。
并行B?：用户本地适配进行中，未推送进度不可见；实施前比对活动分支。",src/client/agent-tree.ts；src/client/subagent-presentation.ts,先能力探测支持Team工具运行及通用卡，再补team membership/mailbox只读视图；不把Team16和subagent8混为一谈,插件缺席零死入口；team多成员路由、并发/完成/重启；不自动启用或伪造父子关系,P2,00dba96未逐项证明完整支持,Native Team bridge wired; Cordis stable proxy identity fixed; independent mounted PTY basic path passed at 6c9f542,可信integration串行整合；未知A/C内容未采纳,固定4session成果已交；公共接线由E完成，不再等待停止worker,Final immutable-package Team journey; cold Agent and in-flight real membership/journal scenarios remain untested. Partial mailbox stays unknown.,205207c全局候选：241files/2369pass/1既有Clarify skip，typecheck/build/pack55/source-lib23一致；stock生命周期/默认privacy/Hostfiles watch PTY通过。逐项历史证据及未测边界保留；全局门禁不是127项逐项PTY认证。 该行既有记录：4433deb full2181pass1skip/Node24 typecheck/build/pack37/23lib identical/official stock lifecycle passed. Same tarball16cf416b60244e569673550a3862c3fb79f5917274520c6401f0b2fb210e53ab; aggregate gates are not individual feature or cross-platform certification. Same package terminal26 and management17 PTY passed; individual row boundaries remain.,2520822 module review 88 checks; 6c9f542 Context/Service 33 + tsc and independent no-shim mounted Team PTY basic path; .artifacts/p1-4433deb/candidate.json; .artifacts/final-full-4433deb.log; docs/integration-acceptance-2026-09-30.md; .artifacts/p1-4433deb/terminal-pty.log; .artifacts/p1-4433deb/management-pty.log,"Source/module checks, composed service checks, historical fixed-package PTY and final-package gates are separate. Only explicitly named journeys count as PTY; no inference from total test count."
17,F018 Headless stdin、继续会话和JSON事件流,已发布预发布版0.2.0-rc.2；首见0.1.6-alpha.1；https://github.com/deepseek-ai/deepseek-harness/commit/315e30e9f2627b04e31c59131070b571d6cc8e36,"不适用（独立headless入口）。Bundle明确移除headless/web surfaces再装TUI；不是headless JSON runner。management.ts:46/688-691
发布包R0：1.2.6基于dsh rc.1，本项新版语义未独立认证。
并行B?：用户本地适配进行中，未推送进度不可见；实施前比对活动分支。",src/host/management.ts:46,不用把stdin --json复制到TUI；如另做CLI批处理产品需新scope；共享session ABI仍受F63覆盖,TUI args与dsh headless args分离；不能透传未知flag成用户prompt,,原矩阵明确终端不适用；部分等价能力按原文保留,终端不适用（按原矩阵具体理由）,可信integration串行整合；未知A/C内容未采纳,固定4session成果已交；公共接线由E完成，不再等待停止worker,不适用（独立headless入口）。Bundle明确移除headless/web surfaces再装TUI；不是headless JSON runner。management.ts:46/688-691,205207c全局候选：241files/2369pass/1既有Clarify skip，typecheck/build/pack55/source-lib23一致；stock生命周期/默认privacy/Hostfiles watch PTY通过。逐项历史证据及未测边界保留；全局门禁不是127项逐项PTY认证。 该行既有记录：4433deb full2181pass1skip/Node24 typecheck/build/pack37/23lib identical/official stock lifecycle passed. Same tarball16cf416b60244e569673550a3862c3fb79f5917274520c6401f0b2fb210e53ab; aggregate gates are not individual feature or cross-platform certification. Same package terminal26 and management17 PTY passed; individual row boundaries remain.,; .artifacts/p1-4433deb/candidate.json; .artifacts/final-full-4433deb.log; docs/integration-acceptance-2026-09-30.md; .artifacts/p1-4433deb/terminal-pty.log; .artifacts/p1-4433deb/management-pty.log,"Source/module checks, composed service checks, historical fixed-package PTY and final-package gates are separate. Only explicitly named journeys count as PTY; no inference from total test count."
18,F019 退役E2B执行提供方,已发布预发布版0.2.0-rc.2；首见0.1.6-alpha.1；https://github.com/deepseek-ai/deepseek-harness/commit/09a6fbc388bc6de135dea7d86b85f6e96b3bf32a,"Host自动获得（退役配置）；不适用（内置E2B）。SeekTTY没有自有E2B backend，通用Settings来自Host
发布包R0：1.2.6基于dsh rc.1，本项新版语义未独立认证。
并行B?：用户本地适配进行中，未推送进度不可见；实施前比对活动分支。",package.json；cordis.patch.yml,移除旧E2B闭包/过时UI字段；有旧用户profile时显示不兼容provider，不能静默换执行地点,旧profile加载失败诊断；不把远程workspace改成本地工作区,P1,依赖升级允许继承，实际装配/表现仍需核验,Host继承候选；装配/投影回归待E,可信integration串行整合；未知A/C内容未采纳,固定4session成果已交；公共接线由E完成，不再等待停止worker,沿用原矩阵接入方案，补目标Host证据；未证明不标完成,205207c全局候选：241files/2369pass/1既有Clarify skip，typecheck/build/pack55/source-lib23一致；stock生命周期/默认privacy/Hostfiles watch PTY通过。逐项历史证据及未测边界保留；全局门禁不是127项逐项PTY认证。 该行既有记录：4433deb full2181pass1skip/Node24 typecheck/build/pack37/23lib identical/official stock lifecycle passed. Same tarball16cf416b60244e569673550a3862c3fb79f5917274520c6401f0b2fb210e53ab; aggregate gates are not individual feature or cross-platform certification. Same package terminal26 and management17 PTY passed; individual row boundaries remain.,; .artifacts/p1-4433deb/candidate.json; .artifacts/final-full-4433deb.log; docs/integration-acceptance-2026-09-30.md; .artifacts/p1-4433deb/terminal-pty.log; .artifacts/p1-4433deb/management-pty.log,"Source/module checks, composed service checks, historical fixed-package PTY and final-package gates are separate. Only explicitly named journeys count as PTY; no inference from total test count."
19,F020 持久化类型兼容性门禁,已发布预发布版0.2.0-rc.2；首见0.1.6-alpha.1；https://github.com/deepseek-ai/deepseek-harness/commit/0e778687396463c0a81f7bd3b9dd4857dcac0a21,"必须改代码（纳入兼容门禁）。已有package/生成descriptor tests，但主要输入映射与本版本fixture。native-generated-contract.test.js
发布包R0：1.2.6基于dsh rc.1，本项新版语义未独立认证。
并行B?：用户本地适配进行中，未推送进度不可见；实施前比对活动分支。",tests/native-generated-contract.test.js,引入上游Session format/catalog声明差异作为更新检查；V3/V4 fixture单独测，固定软件版本回退不等于新日志可降级,未知format拒绝/迁移失败保源，原版日志和附件完整性,P0,00dba96未逐项证明完整支持,Native codecs and result validation implemented; broader persisted scenarios pending,可信integration串行整合；未知A/C内容未采纳,固定4session成果已交；公共接线由E完成，不再等待停止worker,Complete final immutable-package acceptance and independent review; retain original row risk requirements.,205207c全局候选：241files/2369pass/1既有Clarify skip，typecheck/build/pack55/source-lib23一致；stock生命周期/默认privacy/Hostfiles watch PTY通过。逐项历史证据及未测边界保留；全局门禁不是127项逐项PTY认证。 该行既有记录：4433deb full2181pass1skip/Node24 typecheck/build/pack37/23lib identical/official stock lifecycle passed. Same tarball16cf416b60244e569673550a3862c3fb79f5917274520c6401f0b2fb210e53ab; aggregate gates are not individual feature or cross-platform certification. Same package terminal26 and management17 PTY passed; individual row boundaries remain.,b751b75; ca5c627; .artifacts/p1-4433deb/candidate.json; .artifacts/final-full-4433deb.log; docs/integration-acceptance-2026-09-30.md; .artifacts/p1-4433deb/terminal-pty.log; .artifacts/p1-4433deb/management-pty.log,"Source/module checks, composed service checks, historical fixed-package PTY and final-package gates are separate. Only explicitly named journeys count as PTY; no inference from total test count."
20,F021 PTC包和服务改名、沙箱Node进程及SSH,已发布预发布版0.2.0-rc.2；首见0.1.6-alpha.1；https://github.com/deepseek-ai/deepseek-harness/commit/a92ac9e9496f369a6a86ceaeb36478bc4ef5a27b,"必须改代码（P0）；Host自动获得（隔离行为）。cordis.patch.yml装code-runtime-worker-thread；package/lock有旧包；新版本该包404
发布包R0：1.2.6基于dsh rc.1，本项新版语义未独立认证。
并行B?：用户本地适配进行中，未推送进度不可见；实施前比对活动分支。",package.json；cordis.patch.yml,换ptc-runtime/ptc-runtime-node并对齐entry/services、worker分发；不盲字符串改名所有worker,独立进程、empty env、超时/堆/输出限额、平台shutdown、官方模块身份；无外部模型,P0,00dba96未逐项证明完整支持,原版Host合同/可信integration整合；不再等待已停止worker，具体语义未单独认证,可信integration串行整合；未知A/C内容未采纳,固定4session成果已交；公共接线由E完成，不再等待停止worker,Native rc.2 remains execution/persistence owner. Final stock/full-suite coverage does not certify this individual engine feature; keep the original risk/plan boundary.,205207c全局候选：241files/2369pass/1既有Clarify skip，typecheck/build/pack55/source-lib23一致；stock生命周期/默认privacy/Hostfiles watch PTY通过。逐项历史证据及未测边界保留；全局门禁不是127项逐项PTY认证。 该行既有记录：4433deb full2181pass1skip/Node24 typecheck/build/pack37/23lib identical/official stock lifecycle passed. Same tarball16cf416b60244e569673550a3862c3fb79f5917274520c6401f0b2fb210e53ab; aggregate gates are not individual feature or cross-platform certification. Same package terminal26 and management17 PTY passed; individual row boundaries remain.,; .artifacts/p1-4433deb/candidate.json; .artifacts/final-full-4433deb.log; docs/integration-acceptance-2026-09-30.md; .artifacts/p1-4433deb/terminal-pty.log; .artifacts/p1-4433deb/management-pty.log,"Source/module checks, composed service checks, historical fixed-package PTY and final-package gates are separate. Only explicitly named journeys count as PTY; no inference from total test count."
21,F022 子进程信号、退出和回收,"已发布预发布版0.2.0-rc.2；首见0.1.6-alpha.1；https://github.com/deepseek-ai/deepseek-harness/commit/76a4153330312de0700904985c971d7b23568f3c
https://github.com/deepseek-ai/deepseek-harness/commit/3b264679ea5bbbbb2b457c7f8b9f9ccdf7140a19
https://github.com/deepseek-ai/deepseek-harness/commit/be682f7a59702edbafb037bed1c14f2a40555994
https://github.com/deepseek-ai/deepseek-harness/commit/8960d2cf117caaa6e47aa84c022693fe1decc80a","Host自动获得；必须回归本地launcher/worker。SeekTTY自身restart spawn/terminal cleanup与上游工具子进程两套生命周期。host/startup.ts:99-132；surface.ts:1030起
发布包R0：1.2.6基于dsh rc.1，本项新版语义未独立认证。
并行B?：用户本地适配进行中，未推送进度不可见；实施前比对活动分支。",src/host/startup.ts:99-132；src/client/surface.ts:1030,升级工具执行层获取signal fixes；确认自身spawn/writer/worker无残留,Ctrl+C、异常退出、group kill失败报告、Windows无多余控制台；runner不得报告后挂着,P1,依赖升级允许继承，实际装配/表现仍需核验,Host继承候选；装配/投影回归待E,可信integration串行整合；未知A/C内容未采纳,固定4session成果已交；公共接线由E完成，不再等待停止worker,沿用原矩阵接入方案，补目标Host证据；未证明不标完成,205207c全局候选：241files/2369pass/1既有Clarify skip，typecheck/build/pack55/source-lib23一致；stock生命周期/默认privacy/Hostfiles watch PTY通过。逐项历史证据及未测边界保留；全局门禁不是127项逐项PTY认证。 该行既有记录：4433deb full2181pass1skip/Node24 typecheck/build/pack37/23lib identical/official stock lifecycle passed. Same tarball16cf416b60244e569673550a3862c3fb79f5917274520c6401f0b2fb210e53ab; aggregate gates are not individual feature or cross-platform certification. Same package terminal26 and management17 PTY passed; individual row boundaries remain.,; .artifacts/p1-4433deb/candidate.json; .artifacts/final-full-4433deb.log; docs/integration-acceptance-2026-09-30.md; .artifacts/p1-4433deb/terminal-pty.log; .artifacts/p1-4433deb/management-pty.log,"Source/module checks, composed service checks, historical fixed-package PTY and final-package gates are separate. Only explicitly named journeys count as PTY; no inference from total test count."
22,F023 Auto review及人工接管拒绝,"已发布预发布版0.2.0-rc.2；首见0.1.6-alpha.1；https://github.com/deepseek-ai/deepseek-harness/commit/771dd49a06c625c73e54311593c21369dc72f911
https://github.com/deepseek-ai/deepseek-harness/commit/a3480857dd3689350b5c90aa96cc5391a5760e9f
https://github.com/deepseek-ai/deepseek-harness/commit/f84891eaff3016408ef2f58adeeb94df50d8a082",displayReason 经原生 pending→composer；不可信 ANSI 全剥且 audit 原因不变。原版 Auto→Overlay→xterm 独立21checks关闭conceal反例。,src/client/capabilities.ts；src/client/actions.ts,不默认启用Inspector/auto-review；启用后提供审批原因、拒绝/失败区分，仍沿官方权限,reviewer unavailable须fail closed；拒绝后人工接管必须有正确session；禁止借重试绕拒绝,P2,00dba96未逐项证明完整支持,已接线：Auto 实验风险／localized 人工审批，原生拒绝和技术失败区分,可信integration串行整合；未知A/C内容未采纳,固定4session原worktree：E公共整合，D审批/语音，S02文件与观察，独立review；无新增窗口,真实付费 reviewer/model 未调用；真实localized公共PTY结果以独立review命名旅程为准。,205207c全局候选：241files/2369pass/1既有Clarify skip，typecheck/build/pack55/source-lib23一致；stock生命周期/默认privacy/Hostfiles watch PTY通过。逐项历史证据及未测边界保留；全局门禁不是127项逐项PTY认证。,22bea7f;21cc81e;f0ca414; tests/approval-public-wiring.test.js; 独立Auto→Overlay→xterm反例21checks关闭ANSI P2; 候选16a14965908f3068ce74c999d9a9ad280c3ec09e4bc50643677ce0f1acfd7e51,"Source/module checks, composed service checks, historical fixed-package PTY and final-package gates are separate. Only explicitly named journeys count as PTY; no inference from total test count."
23,F024 实验插件包公开发布策略,已发布预发布版0.2.0-rc.2；首见0.1.6-alpha.1；https://github.com/deepseek-ai/deepseek-harness/commit/c2a68638b25b254c26caa54c7076ef6ae0251de3,"Host自动获得（可发现）；不等于启用。插件市场动态查npm及catalog；安装state归native dsh。plugin-marketplace.ts；actions.ts:3451-4138
发布包R0：1.2.6基于dsh rc.1，本项新版语义未独立认证。
并行B?：用户本地适配进行中，未推送进度不可见；实施前比对活动分支。",src/host/plugin-marketplace.ts；src/client/actions.ts:3451-4138,可列实验包并加实验/风险标记；实际安装需用户操作，不因npm可见就默认装,来源/版本/权限显示；缺依赖诊断；可移除/恢复,P2,依赖升级允许继承，实际装配/表现仍需核验,Host继承候选；装配/投影回归待E,可信integration串行整合；未知A/C内容未采纳,固定4session成果已交；公共接线由E完成，不再等待停止worker,沿用原矩阵接入方案，补目标Host证据；未证明不标完成,205207c全局候选：241files/2369pass/1既有Clarify skip，typecheck/build/pack55/source-lib23一致；stock生命周期/默认privacy/Hostfiles watch PTY通过。逐项历史证据及未测边界保留；全局门禁不是127项逐项PTY认证。 该行既有记录：4433deb full2181pass1skip/Node24 typecheck/build/pack37/23lib identical/official stock lifecycle passed. Same tarball16cf416b60244e569673550a3862c3fb79f5917274520c6401f0b2fb210e53ab; aggregate gates are not individual feature or cross-platform certification. Same package terminal26 and management17 PTY passed; individual row boundaries remain.,; .artifacts/p1-4433deb/candidate.json; .artifacts/final-full-4433deb.log; docs/integration-acceptance-2026-09-30.md; .artifacts/p1-4433deb/terminal-pty.log; .artifacts/p1-4433deb/management-pty.log,"Source/module checks, composed service checks, historical fixed-package PTY and final-package gates are separate. Only explicitly named journeys count as PTY; no inference from total test count."
24,F025 MCP v2、资源、模板与服务端指令,"已发布预发布版0.2.0-rc.2；首见0.1.6-alpha.1；https://github.com/deepseek-ai/deepseek-harness/commit/a9bba3bac5c793f6f700a4d5b464b52c2e90829b
https://github.com/deepseek-ai/deepseek-harness/commit/9b6457bc12647e8bf9faf13cb054cbce5bbd6c15","Host自动获得（MCP执行/资源工具）；必须改代码（资源专门浏览可后置）。/mcp读取inventory/settings；工具目录来自Host；本身不实现MCP协议。actions.ts:4736-4888
发布包R0：1.2.6基于dsh rc.1，本项新版语义未独立认证。
并行B?：用户本地适配进行中，未推送进度不可见；实施前比对活动分支。",src/client/actions.ts:4736-4888,新版MCP v2与resource tools由Host装配；TUI通用工具卡可用，扩展resources/templates列表属后续增强,no-tools server、分页、资源模板、服务指令scope、缺连接/断开和cancel；避免宣称旧UI已有资源浏览器,P1,依赖升级允许继承，实际装配/表现仍需核验,Public /mcp resources/template/controller with scoped actual ToolRuntime bridge,可信integration串行整合；未知A/C内容未采纳,固定4session成果已交；公共接线由E完成，不再等待停止worker,2520822 naming/ancestor/reply fixes independently accepted. No-shim6c9f542/60adec9 real resource read/deny/cancel/Agent switch passed; new4433deb package independent journey pending; server inventory not fabricated.,205207c全局候选：241files/2369pass/1既有Clarify skip，typecheck/build/pack55/source-lib23一致；stock生命周期/默认privacy/Hostfiles watch PTY通过。逐项历史证据及未测边界保留；全局门禁不是127项逐项PTY认证。 该行既有记录：4433deb full2181pass1skip/Node24 typecheck/build/pack37/23lib identical/official stock lifecycle passed. Same tarball16cf416b60244e569673550a3862c3fb79f5917274520c6401f0b2fb210e53ab; aggregate gates are not individual feature or cross-platform certification. Same package terminal26 and management17 PTY passed; individual row boundaries remain.,; optional-public-wiring.log: 72 tests + typecheck; optional-spill-integration.log: 94 tests + typecheck; .artifacts/p1-4433deb/candidate.json; .artifacts/final-full-4433deb.log; docs/integration-acceptance-2026-09-30.md; .artifacts/p1-4433deb/terminal-pty.log; .artifacts/p1-4433deb/management-pty.log,"Source/module checks, composed service checks, historical fixed-package PTY and final-package gates are separate. Only explicitly named journeys count as PTY; no inference from total test count."
25,F026 Ralph默认关闭,已发布预发布版0.2.0-rc.2；首见0.1.6-alpha.1；https://github.com/deepseek-ai/deepseek-harness/commit/99a73ca1d40ff6567865d21bc413cccf24b72ba0,"Host自动获得（默认行为）；必须核patch。当前patch已有tool-ralph disabled，工作流装配在旧preset内。cordis.patch.yml:101-108
发布包R0：1.2.6基于dsh rc.1，本项新版语义未独立认证。
并行B?：用户本地适配进行中，未推送进度不可见；实施前比对活动分支。",cordis.patch.yml:101-108,按新base/preset默认Ralph关闭；不要因旧历史工作流而强制开启,无Ralph profile正常启动、显式开启可见、工作流不隐含启动循环,P1,依赖升级允许继承，实际装配/表现仍需核验,Host继承候选；装配/投影回归待E,可信integration串行整合；未知A/C内容未采纳,固定4session成果已交；公共接线由E完成，不再等待停止worker,沿用原矩阵接入方案，补目标Host证据；未证明不标完成,205207c全局候选：241files/2369pass/1既有Clarify skip，typecheck/build/pack55/source-lib23一致；stock生命周期/默认privacy/Hostfiles watch PTY通过。逐项历史证据及未测边界保留；全局门禁不是127项逐项PTY认证。 该行既有记录：4433deb full2181pass1skip/Node24 typecheck/build/pack37/23lib identical/official stock lifecycle passed. Same tarball16cf416b60244e569673550a3862c3fb79f5917274520c6401f0b2fb210e53ab; aggregate gates are not individual feature or cross-platform certification. Same package terminal26 and management17 PTY passed; individual row boundaries remain.,; .artifacts/p1-4433deb/candidate.json; .artifacts/final-full-4433deb.log; docs/integration-acceptance-2026-09-30.md; .artifacts/p1-4433deb/terminal-pty.log; .artifacts/p1-4433deb/management-pty.log,"Source/module checks, composed service checks, historical fixed-package PTY and final-package gates are separate. Only explicitly named journeys count as PTY; no inference from total test count."
26,F027 工作流改为sandbox PTC引擎,已发布预发布版0.2.0-rc.2；首见0.1.6-alpha.1；https://github.com/deepseek-ai/deepseek-harness/commit/2214891606b4e64d295b8f0dae9f958f64e7285f,"必须改代码（P0）；Host自动获得（新隔离执行）。旧workflow-worker-thread在闭包，patch禁root级并由preset供给；vendor有workflow-run投影
发布包R0：1.2.6基于dsh rc.1，本项新版语义未独立认证。
并行B?：用户本地适配进行中，未推送进度不可见；实施前比对活动分支。",package.json；cordis.patch.yml,换workflow-ptc组合，刷新workflow view/result/job状态契约；不复制执行器到TUI,loopback/workflow取消、background结果、权限和文件scope、Python明确拒绝、无总deadline误导,P0,00dba96未逐项证明完整支持,原版Host合同/可信integration整合；不再等待已停止worker，具体语义未单独认证,可信integration串行整合；未知A/C内容未采纳,固定4session成果已交；公共接线由E完成，不再等待停止worker,Native rc.2 remains execution/persistence owner. Final stock/full-suite coverage does not certify this individual engine feature; keep the original risk/plan boundary.,205207c全局候选：241files/2369pass/1既有Clarify skip，typecheck/build/pack55/source-lib23一致；stock生命周期/默认privacy/Hostfiles watch PTY通过。逐项历史证据及未测边界保留；全局门禁不是127项逐项PTY认证。 该行既有记录：4433deb full2181pass1skip/Node24 typecheck/build/pack37/23lib identical/official stock lifecycle passed. Same tarball16cf416b60244e569673550a3862c3fb79f5917274520c6401f0b2fb210e53ab; aggregate gates are not individual feature or cross-platform certification. Same package terminal26 and management17 PTY passed; individual row boundaries remain.,; .artifacts/p1-4433deb/candidate.json; .artifacts/final-full-4433deb.log; docs/integration-acceptance-2026-09-30.md; .artifacts/p1-4433deb/terminal-pty.log; .artifacts/p1-4433deb/management-pty.log,"Source/module checks, composed service checks, historical fixed-package PTY and final-package gates are separate. Only explicitly named journeys count as PTY; no inference from total test count."
27,F028 归档恢复、置顶、三态筛选及停止后归档,"已发布预发布版0.2.0-rc.2；首见0.1.6-alpha.1；https://github.com/deepseek-ai/deepseek-harness/commit/9531265ff3deaa2ea0bdc638bb37f894dd490eca
https://github.com/deepseek-ai/deepseek-harness/commit/bd2247c510886aaf1269abba11337e1ed6cc08ac
https://github.com/deepseek-ai/deepseek-harness/commit/cbae324bfafe82f0a099680aecb68a4f66f5f798
https://github.com/deepseek-ai/deepseek-harness/commit/f032bd2d048634c034ef5529020c3a088b6cd548","必须改代码（归档恢复/筛选/运行保护）。已有archive，但client-runtime.ts:131明确拒绝resuming archived，旧workspaces隐藏集合
发布包R0：1.2.6基于dsh rc.1，本项新版语义未独立认证。
并行B?：用户本地适配进行中，未推送进度不可见；实施前比对活动分支。",src/client/client-runtime.ts:131,接新版restore/pin/filter/stop-then-archive；保留已有archive确认并显示正在运行的影响,先stop失败不archive；恢复后原历史/队列；置顶重启；archived-only不误建空workspace,P1,00dba96未逐项证明完整支持,Public /sessions three-state/pin/restore and archive controller wired,可信integration串行整合；未知A/C内容未采纳,固定4session成果已交；公共接线由E完成，不再等待停止worker,Cancellation plus observed running=false and pre-dispatch capability/running check mandatory. Real host archive/pin/restore journey not independently PTY certified; source/gateway gates passed.,205207c全局候选：241files/2369pass/1既有Clarify skip，typecheck/build/pack55/source-lib23一致；stock生命周期/默认privacy/Hostfiles watch PTY通过。逐项历史证据及未测边界保留；全局门禁不是127项逐项PTY认证。 该行既有记录：4433deb full2181pass1skip/Node24 typecheck/build/pack37/23lib identical/official stock lifecycle passed. Same tarball16cf416b60244e569673550a3862c3fb79f5917274520c6401f0b2fb210e53ab; aggregate gates are not individual feature or cross-platform certification. Same package terminal26 and management17 PTY passed; individual row boundaries remain.,e8e48ea; tests/public-session-artifacts.test.js; tests/session-browser.test.ts; tests/artifact-view.test.ts; docs/public-session-artifacts-2026-09-30.md; .artifacts/p1-4433deb/candidate.json; .artifacts/final-full-4433deb.log; docs/integration-acceptance-2026-09-30.md; .artifacts/p1-4433deb/terminal-pty.log; .artifacts/p1-4433deb/management-pty.log,"Source/module checks, composed service checks, historical fixed-package PTY and final-package gates are separate. Only explicitly named journeys count as PTY; no inference from total test count."
28,F029 交互式侧栏终端与Shell管理,"已发布预发布版0.2.0-rc.2；首见0.1.6-alpha.1；https://github.com/deepseek-ai/deepseek-harness/commit/444c80171861744b1f3a74aea07ba79e8f1da60d
https://github.com/deepseek-ai/deepseek-harness/commit/0ef4ff9bd0a6bfca1308e507de13f3566ea5bf24
https://github.com/deepseek-ai/deepseek-harness/commit/f14032abd3b28ac68d6adad95257201bf6809db5
https://github.com/deepseek-ai/deepseek-harness/commit/3cbc19d1d0d9bc9d1a4af774477b011c4e39966b
https://github.com/deepseek-ai/deepseek-harness/commit/4f7336c8319b07d668d8a2a898082dba9d55f4a7
https://github.com/deepseek-ai/deepseek-harness/commit/358384f0458fad4a75d3c0edb3d86ef794c17e2b
https://github.com/deepseek-ai/deepseek-harness/commit/99402378b79f8d021aa2a01a64c54b042b95808c
https://github.com/deepseek-ai/deepseek-harness/commit/c02a23c1f828ac0eeef5a3c9a16f38f4dda3df1d","不适用（浏览器侧栏终端）；待明确产品范围。当前产品本身TUI运行终端；/jobs和工具shell卡不是可交互xterm侧栏
发布包R0：1.2.6基于dsh rc.1，本项新版语义未独立认证。
并行B?：用户本地适配进行中，未推送进度不可见；实施前比对活动分支。",独立Web或Desktop模块；无直接TUI落点,不要把用户权限终端偷换成Agent沙箱；若需要嵌套terminal需单独UX/权限设计，不是依赖自动UI,明确人类terminal系统用户权限；Shell任务输出原路径不被新功能劫持,,原矩阵明确终端不适用；部分等价能力按原文保留,终端不适用（按原矩阵具体理由）,可信integration串行整合；未知A/C内容未采纳,固定4session成果已交；公共接线由E完成，不再等待停止worker,不适用（浏览器侧栏终端）；待明确产品范围。当前产品本身TUI运行终端；/jobs和工具shell卡不是可交互xterm侧栏,205207c全局候选：241files/2369pass/1既有Clarify skip，typecheck/build/pack55/source-lib23一致；stock生命周期/默认privacy/Hostfiles watch PTY通过。逐项历史证据及未测边界保留；全局门禁不是127项逐项PTY认证。 该行既有记录：4433deb full2181pass1skip/Node24 typecheck/build/pack37/23lib identical/official stock lifecycle passed. Same tarball16cf416b60244e569673550a3862c3fb79f5917274520c6401f0b2fb210e53ab; aggregate gates are not individual feature or cross-platform certification. Same package terminal26 and management17 PTY passed; individual row boundaries remain.,; .artifacts/p1-4433deb/candidate.json; .artifacts/final-full-4433deb.log; docs/integration-acceptance-2026-09-30.md; .artifacts/p1-4433deb/terminal-pty.log; .artifacts/p1-4433deb/management-pty.log,"Source/module checks, composed service checks, historical fixed-package PTY and final-package gates are separate. Only explicitly named journeys count as PTY; no inference from total test count."
29,F030 Trajectory与录制工具结果展示,"已发布预发布版0.2.0-rc.2；首见0.1.6-alpha.1；https://github.com/deepseek-ai/deepseek-harness/commit/d3856902b620db0f246b79a864e29da0436bf09d
https://github.com/deepseek-ai/deepseek-harness/commit/8fe06cfb2404139b7a2c3b02a898566fac5a0cf2","必须改代码（新视图契约）；已原生支持（基础trajectory）。trajectory由vendor/ui-trajectory投影，/trajectory展示请求与工具；新PTC/附件专门schema不自动更新。capabilities.ts:1429-1451；actions.ts:4596-4670
发布包R0：1.2.6基于dsh rc.1，本项新版语义未独立认证。
并行B?：用户本地适配进行中，未推送进度不可见；实施前比对活动分支。",src/client/capabilities.ts:1429-1451；src/client/actions.ts:4596-4670,接官方新recorded results/attachments或集中映射；保留generic JSON文本并可复制,冷history与live一致；大JSON可浏览；PTC结果二进制引用、安全路径打开,P1,00dba96未逐项证明完整支持,Public /trajectory recorded artifact preview/full selection copy wired,可信integration串行整合；未知A/C内容未采纳,固定4session成果已交；公共接线由E完成，不再等待停止worker,60adec9 real321-line ToolRuntime preview/full-copy passed. Final same-package independent regression pending; process/file preview watch is not implied.,205207c全局候选：241files/2369pass/1既有Clarify skip，typecheck/build/pack55/source-lib23一致；stock生命周期/默认privacy/Hostfiles watch PTY通过。逐项历史证据及未测边界保留；全局门禁不是127项逐项PTY认证。 该行既有记录：4433deb full2181pass1skip/Node24 typecheck/build/pack37/23lib identical/official stock lifecycle passed. Same tarball16cf416b60244e569673550a3862c3fb79f5917274520c6401f0b2fb210e53ab; aggregate gates are not individual feature or cross-platform certification. Same package terminal26 and management17 PTY passed; individual row boundaries remain.,e8e48ea; tests/public-session-artifacts.test.js; tests/session-browser.test.ts; tests/artifact-view.test.ts; docs/public-session-artifacts-2026-09-30.md; .artifacts/p1-4433deb/candidate.json; .artifacts/final-full-4433deb.log; docs/integration-acceptance-2026-09-30.md; .artifacts/p1-4433deb/terminal-pty.log; .artifacts/p1-4433deb/management-pty.log,"Source/module checks, composed service checks, historical fixed-package PTY and final-package gates are separate. Only explicitly named journeys count as PTY; no inference from total test count."
30,F031 Markdown表格和思考/压缩显示,"已发布预发布版0.2.0-rc.2；首见0.1.6-alpha.1；https://github.com/deepseek-ai/deepseek-harness/commit/49fcf87cb27473c0175ec21edded6634a98a3889
https://github.com/deepseek-ai/deepseek-harness/commit/c75e3d4e8121f5a22ee7fd5aaa8e0251f4a7ea44
https://github.com/deepseek-ai/deepseek-harness/commit/64a8ba929d26847c36596d43f483238c2ced574e
https://github.com/deepseek-ai/deepseek-harness/commit/a6d7195e536aba3a9beb27f95d95fb5198be9ad0","已原生支持（独立TUI）；不适用（Web sticky/hover）。已有GFM tables、Thinking折叠、compaction记录，使用自己的transcript。transcript.ts；tests/transcript*
发布包R0：1.2.6基于dsh rc.1，本项新版语义未独立认证。
并行B?：用户本地适配进行中，未推送进度不可见；实施前比对活动分支。",src/client/transcript.ts,保留现有渲染；新compaction/reasoning event变化映射；不移植React样式,长表/窄终端、stream折叠不自动展开、复制不含装饰、最终文本不丢,P1,原矩阵记录旧基线源码已有能力；不等于rc.2逐项运行通过,既有TUI能力；新版回归待E,可信integration串行整合；未知A/C内容未采纳,固定4session成果已交；公共接线由E完成，不再等待停止worker,沿用原矩阵接入方案，补目标Host证据；未证明不标完成,205207c全局候选：241files/2369pass/1既有Clarify skip，typecheck/build/pack55/source-lib23一致；stock生命周期/默认privacy/Hostfiles watch PTY通过。逐项历史证据及未测边界保留；全局门禁不是127项逐项PTY认证。 该行既有记录：4433deb full2181pass1skip/Node24 typecheck/build/pack37/23lib identical/official stock lifecycle passed. Same tarball16cf416b60244e569673550a3862c3fb79f5917274520c6401f0b2fb210e53ab; aggregate gates are not individual feature or cross-platform certification. Same package terminal26 and management17 PTY passed; individual row boundaries remain.,; .artifacts/p1-4433deb/candidate.json; .artifacts/final-full-4433deb.log; docs/integration-acceptance-2026-09-30.md; .artifacts/p1-4433deb/terminal-pty.log; .artifacts/p1-4433deb/management-pty.log,"Source/module checks, composed service checks, historical fixed-package PTY and final-package gates are separate. Only explicitly named journeys count as PTY; no inference from total test count."
31,F032 agent生命周期await初始化,已发布预发布版0.2.0-rc.2；首见0.1.6-alpha.1；https://github.com/deepseek-ai/deepseek-harness/commit/28a4241e9f0b29b3bec32e7858ae50876d6d785a,"Host自动获得；必须核自身生命周期。host/index.ts等待loader；未自行注册agent/session-start；依赖Agent实例与scope后读取
发布包R0：1.2.6基于dsh rc.1，本项新版语义未独立认证。
并行B?：用户本地适配进行中，未推送进度不可见；实施前比对活动分支。",package.json；cordis.patch.yml,对异步agent/created readiness用官方controller完成结果；不靠同步已注册服务推定Agent ready,首轮初始化慢/失败、工具/approval只在ready后可用，dispose期间无迟到更新,P1,依赖升级允许继承，实际装配/表现仍需核验,Host继承候选；装配/投影回归待E,可信integration串行整合；未知A/C内容未采纳,固定4session成果已交；公共接线由E完成，不再等待停止worker,沿用原矩阵接入方案，补目标Host证据；未证明不标完成,205207c全局候选：241files/2369pass/1既有Clarify skip，typecheck/build/pack55/source-lib23一致；stock生命周期/默认privacy/Hostfiles watch PTY通过。逐项历史证据及未测边界保留；全局门禁不是127项逐项PTY认证。 该行既有记录：4433deb full2181pass1skip/Node24 typecheck/build/pack37/23lib identical/official stock lifecycle passed. Same tarball16cf416b60244e569673550a3862c3fb79f5917274520c6401f0b2fb210e53ab; aggregate gates are not individual feature or cross-platform certification. Same package terminal26 and management17 PTY passed; individual row boundaries remain.,; .artifacts/p1-4433deb/candidate.json; .artifacts/final-full-4433deb.log; docs/integration-acceptance-2026-09-30.md; .artifacts/p1-4433deb/terminal-pty.log; .artifacts/p1-4433deb/management-pty.log,"Source/module checks, composed service checks, historical fixed-package PTY and final-package gates are separate. Only explicitly named journeys count as PTY; no inference from total test count."
32,F033 子智能体完成通知仅正文,已发布预发布版0.2.0-rc.2；首见0.1.6-alpha.1；https://github.com/deepseek-ai/deepseek-harness/commit/a3fb17c7039d9b793d83c24b57d9e1aa71894260,"Host自动获得；必须回归旧历史显示。父子prompt/stream由官方Subagent服务，终端只读/控制树
发布包R0：1.2.6基于dsh rc.1，本项新版语义未独立认证。
并行B?：用户本地适配进行中，未推送进度不可见；实施前比对活动分支。",package.json；cordis.patch.yml,上游只正文完成消息修复应继承；历史reasoning通知通过最新migration呈现，不重写用户日志,含reasoning子任务完成父模型请求、旧日志恢复、错误完成通知只发一次,P1,依赖升级允许继承，实际装配/表现仍需核验,Native child-history/view and tool body contracts retained; no replacement subagent execution,可信integration串行整合；未知A/C内容未采纳,固定4session成果已交；公共接线由E完成，不再等待停止worker,Final candidate regression and original feature-specific risk boundaries apply; whole-suite/stock pass is not per-feature inference or cross-platform proof.,205207c全局候选：241files/2369pass/1既有Clarify skip，typecheck/build/pack55/source-lib23一致；stock生命周期/默认privacy/Hostfiles watch PTY通过。逐项历史证据及未测边界保留；全局门禁不是127项逐项PTY认证。 该行既有记录：4433deb full2181pass1skip/Node24 typecheck/build/pack37/23lib identical/official stock lifecycle passed. Same tarball16cf416b60244e569673550a3862c3fb79f5917274520c6401f0b2fb210e53ab; aggregate gates are not individual feature or cross-platform certification. Same package terminal26 and management17 PTY passed; individual row boundaries remain.,5bd6d3b; tests/native-subagent-catalog-official.test.js; tests/subagent-tree.integration.test.ts; .artifacts/p1-4433deb/candidate.json; .artifacts/final-full-4433deb.log; docs/integration-acceptance-2026-09-30.md; .artifacts/p1-4433deb/terminal-pty.log; .artifacts/p1-4433deb/management-pty.log,"Source/module checks, composed service checks, historical fixed-package PTY and final-package gates are separate. Only explicitly named journeys count as PTY; no inference from total test count."
33,F034 实验性Browser Use多后端,"已发布预发布版0.2.0-rc.2；首见0.1.6-alpha.1；https://github.com/deepseek-ai/deepseek-harness/commit/b730c2cb8396a190b76ad1bb04c8d125b9533f88
https://github.com/deepseek-ai/deepseek-harness/commit/128d7d81d00265423755d35b0ae501edb4c2bd44",三种官方 Browser provider 的独立 native-installable companion bundle；shared browser MCP runtime／权限／Agent scope／截图附件以真实合同合成fixture验。,package.json；cordis.patch.yml,可先通过通用工具卡使用Host browser MCP，不默认安装/启用；专门handoff/预览后续,工具缺席不死入口、首次浏览器授权、cancel/新Agent scope、截图回显示能力,P2,00dba96未逐项证明完整支持,官方三后端显式可选组合已交付；默认不启用,可信integration串行整合；未知A/C内容未采纳,固定4session原worktree：E公共整合，D审批/语音，S02文件与观察，独立review；无新增窗口,真实Playwright/Chrome目标与Stagehand模型未运行；Stagehand需其SDK支持模型/独立key。官方runtime/inertdriver权限、作用域、附件回归不是实际浏览器验收。,205207c全局候选：241files/2369pass/1既有Clarify skip，typecheck/build/pack55/source-lib23一致；stock生命周期/默认privacy/Hostfiles watch PTY通过。逐项历史证据及未测边界保留；全局门禁不是127项逐项PTY认证。,40123d1;optional/browser-*.patch.yml;tests/optional-provider-host.test.js; 候选16a14965908f3068ce74c999d9a9ad280c3ec09e4bc50643677ce0f1acfd7e51,"Source/module checks, composed service checks, historical fixed-package PTY and final-package gates are separate. Only explicitly named journeys count as PTY; no inference from total test count."
34,F035 持久Bash输出滚动性能,已发布预发布版0.2.0-rc.2；首见0.1.6-alpha.1；https://github.com/deepseek-ai/deepseek-harness/commit/e32f88dff248acf5377b5dacdc7fd048eed30d4a,"Host自动获得（执行输出改进）；不等同TUI性能修复。有shell tool结果卡和native/full renderer，但不嵌入Web持久bash组件
发布包R0：1.2.6基于dsh rc.1，本项新版语义未独立认证。
并行B?：用户本地适配进行中，未推送进度不可见；实施前比对活动分支。",package.json；cordis.patch.yml,升级Host取输出截断/滚动数据层修复；测本地transcript性能，不能转述成input latency已修,大输出、慢输出与输入并发、输出完整性、终端背压,P1,依赖升级允许继承，实际装配/表现仍需核验,Host继承候选；装配/投影回归待E,可信integration串行整合；未知A/C内容未采纳,固定4session成果已交；公共接线由E完成，不再等待停止worker,沿用原矩阵接入方案，补目标Host证据；未证明不标完成,205207c全局候选：241files/2369pass/1既有Clarify skip，typecheck/build/pack55/source-lib23一致；stock生命周期/默认privacy/Hostfiles watch PTY通过。逐项历史证据及未测边界保留；全局门禁不是127项逐项PTY认证。 该行既有记录：4433deb full2181pass1skip/Node24 typecheck/build/pack37/23lib identical/official stock lifecycle passed. Same tarball16cf416b60244e569673550a3862c3fb79f5917274520c6401f0b2fb210e53ab; aggregate gates are not individual feature or cross-platform certification. Same package terminal26 and management17 PTY passed; individual row boundaries remain.,; .artifacts/p1-4433deb/candidate.json; .artifacts/final-full-4433deb.log; docs/integration-acceptance-2026-09-30.md; .artifacts/p1-4433deb/terminal-pty.log; .artifacts/p1-4433deb/management-pty.log,"Source/module checks, composed service checks, historical fixed-package PTY and final-package gates are separate. Only explicitly named journeys count as PTY; no inference from total test count."
35,F036 文档站可交互图与Markdown工具,"已发布预发布版0.2.0-rc.2；首见0.1.6-alpha.1；https://github.com/deepseek-ai/deepseek-harness/commit/bb2b325486971e563de202ce95d0654e944b10cc
https://github.com/deepseek-ai/deepseek-harness/commit/43e1e241ee6abcc4510977ca3d4ebf470d6417d8
https://github.com/deepseek-ai/deepseek-harness/commit/5b1a2d8613f535d59f55b946b2dabb70c13b6a56
https://github.com/deepseek-ai/deepseek-harness/commit/d44d899c7159429f3ab8f8971b29d28f536ca28d","不适用（文档站）。TUI没有网站Mermaid/Markdown查看器产品
发布包R0：1.2.6基于dsh rc.1，本项新版语义未独立认证。
并行B?：用户本地适配进行中，未推送进度不可见；实施前比对活动分支。",独立Web或Desktop模块；无直接TUI落点,记录为官方新增但不移植；需要文档时提供外部文档链接,无对应TUI验收；不混成工具执行feature缺失,,原矩阵明确终端不适用；部分等价能力按原文保留,终端不适用（按原矩阵具体理由）,可信integration串行整合；未知A/C内容未采纳,固定4session成果已交；公共接线由E完成，不再等待停止worker,不适用（文档站）。TUI没有网站Mermaid/Markdown查看器产品,205207c全局候选：241files/2369pass/1既有Clarify skip，typecheck/build/pack55/source-lib23一致；stock生命周期/默认privacy/Hostfiles watch PTY通过。逐项历史证据及未测边界保留；全局门禁不是127项逐项PTY认证。 该行既有记录：4433deb full2181pass1skip/Node24 typecheck/build/pack37/23lib identical/official stock lifecycle passed. Same tarball16cf416b60244e569673550a3862c3fb79f5917274520c6401f0b2fb210e53ab; aggregate gates are not individual feature or cross-platform certification. Same package terminal26 and management17 PTY passed; individual row boundaries remain.,; .artifacts/p1-4433deb/candidate.json; .artifacts/final-full-4433deb.log; docs/integration-acceptance-2026-09-30.md; .artifacts/p1-4433deb/terminal-pty.log; .artifacts/p1-4433deb/management-pty.log,"Source/module checks, composed service checks, historical fixed-package PTY and final-package gates are separate. Only explicitly named journeys count as PTY; no inference from total test count."
36,F037 文件变更卡片、Review及高亮,"已发布预发布版0.2.0-rc.2；首见0.1.6-alpha.1；https://github.com/deepseek-ai/deepseek-harness/commit/ad9fd17faf919236de3763f9ce2779c4ceb64215
https://github.com/deepseek-ai/deepseek-harness/commit/b784e586efd8f5326802b5b4e0c125aee9da489a
https://github.com/deepseek-ai/deepseek-harness/commit/8225e18d709cb26f7ca4d79a5418290dd714bd1c
https://github.com/deepseek-ai/deepseek-harness/commit/2d36ac3369cf1391570583518115571063c8bb1c
https://github.com/deepseek-ai/deepseek-harness/commit/831ea36f2cbcf0a1cff794eca6bdff89055e6b73
https://github.com/deepseek-ai/deepseek-harness/commit/669bc2036f7c93efa6d773fe2527c414112f68c6
https://github.com/deepseek-ai/deepseek-harness/commit/c24058210994ee16ae32f5c3c52807c5f41f57e0
https://github.com/deepseek-ai/deepseek-harness/commit/683625b79311db3baa73a8505c479a1015f21b8b
https://github.com/deepseek-ai/deepseek-harness/commit/c63e174b7b59b5fe393f666240ba8fce3fd8636c
https://github.com/deepseek-ai/deepseek-harness/commit/450f155955c682fa68538d407168b45ddaed73d8
https://github.com/deepseek-ai/deepseek-harness/commit/55fadaa6016b28fc87799308aa9ee1cfbe811b72
https://github.com/deepseek-ai/deepseek-harness/commit/19844ea9adee12f3805990ef66457f9e199f16ad","已原生支持（工具Diff/产物）；必须改代码（回合变更/Review）。diff/read/shell/generic tools已有；产物索引根据presentCall.locations提取，不是完整turn文件snapshot
发布包R0：1.2.6基于dsh rc.1，本项新版语义未独立认证。
并行B?：用户本地适配进行中，未推送进度不可见；实施前比对活动分支。",src/client/capabilities.ts；src/client/actions.ts；src/client/transcript.ts,如新版presenter/changes projection稳定，接回合级files changed与review文本/双pane可后置；不冒称现有diff即新版Review,非git变更、同文件多次编辑、cold/history、binary和巨文件、审批前不执行read以生成卡,P1,原矩阵记录旧基线源码已有能力；不等于rc.2逐项运行通过,Public Review port uses actual workspaceChanges Host service,可信integration串行整合；未知A/C内容未采纳,固定4session成果已交；公共接线由E完成，不再等待停止worker,Missing service disables with reason. Native file-change summary/read controller tests passed; real composed Review/Agent workspace change PTY not independently certified.,205207c全局候选：241files/2369pass/1既有Clarify skip，typecheck/build/pack55/source-lib23一致；stock生命周期/默认privacy/Hostfiles watch PTY通过。逐项历史证据及未测边界保留；全局门禁不是127项逐项PTY认证。 该行既有记录：4433deb full2181pass1skip/Node24 typecheck/build/pack37/23lib identical/official stock lifecycle passed. Same tarball16cf416b60244e569673550a3862c3fb79f5917274520c6401f0b2fb210e53ab; aggregate gates are not individual feature or cross-platform certification. Same package terminal26 and management17 PTY passed; individual row boundaries remain.,e8e48ea; tests/public-session-artifacts.test.js; tests/session-browser.test.ts; tests/artifact-view.test.ts; docs/public-session-artifacts-2026-09-30.md; .artifacts/p1-4433deb/candidate.json; .artifacts/final-full-4433deb.log; docs/integration-acceptance-2026-09-30.md; .artifacts/p1-4433deb/terminal-pty.log; .artifacts/p1-4433deb/management-pty.log,"Source/module checks, composed service checks, historical fixed-package PTY and final-package gates are separate. Only explicitly named journeys count as PTY; no inference from total test count."
37,F038 会话日志上传与OTLP/产品事件,"已发布预发布版0.2.0-rc.2；首见0.1.6-alpha.1；https://github.com/deepseek-ai/deepseek-harness/commit/db942b353027584f8c39c5c10653c87a5f3ee3f4
https://github.com/deepseek-ai/deepseek-harness/commit/c82e40d49838663e6bf8eb0a07807eef7c8fa40c
https://github.com/deepseek-ai/deepseek-harness/commit/779d2681997e4fccef27ba408ed8c09e55230838
https://github.com/deepseek-ai/deepseek-harness/commit/2fc10a41c4d4d7386ec901fe49ca39c35b7763ab
https://github.com/deepseek-ai/deepseek-harness/commit/94c4954780bfcf66b8f7437656edfa98b3939fa1
https://github.com/deepseek-ai/deepseek-harness/commit/7ded036fdb14f88ba96f0335e4282c496fb1a08c","必须审查配置/隐私；Host自动获得（遥测服务不等于已允许上传）。当前TUI能显示Settings并导出session；无新日志上传专用提示
发布包R0：1.2.6基于dsh rc.1，本项新版语义未独立认证。
并行B?：用户本地适配进行中，未推送进度不可见；实施前比对活动分支。",package.json；cordis.patch.yml,核新base/preset是否默认装session log uploader/OTLP；文档说明范围、显式控制入口、默认策略；不能静默把用户日志上传当升级收益,检查实际provider/baseURL/profile装配和payload范围，不假定此路径独立脱敏；禁用仅影响后续请求，in-flight不变，重启用可能补发未accepted历史；OTel和Desktop通道分别验收,P0,基线无独立三通道隐私默认验收；不能由DSH_TELEMETRY_DISABLED推导session-log关闭,Mounted /privacy actual composed defaults; runner inject fixed f83bde4,可信integration串行整合；未知A/C内容未采纳,固定4session成果已交；公共接线由E完成，不再等待停止worker,"190c601 /privacy failed missing injection. f83bde4 official no-fixture/no-shim/no-telemetry-env-override PTY passed: session-log enabled8388608bytes, OTel explicit-feedback-only4000000bytes, /exit0. No synthetic payload disabled/in-flight/re-enable/OTel feedback upload test; no real feedback or model request. Same final4433deb default privacy view and exit0 repeated, without telemetry environment override.",205207c全局候选：241files/2369pass/1既有Clarify skip，typecheck/build/pack55/source-lib23一致；stock生命周期/默认privacy/Hostfiles watch PTY通过。逐项历史证据及未测边界保留；全局门禁不是127项逐项PTY认证。 该行既有记录：4433deb full2181pass1skip/Node24 typecheck/build/pack37/23lib identical/official stock lifecycle passed. Same tarball16cf416b60244e569673550a3862c3fb79f5917274520c6401f0b2fb210e53ab; aggregate gates are not individual feature or cross-platform certification. Same package terminal26 and management17 PTY passed; individual row boundaries remain.,tests/privacy-policies.test.js; src/host/privacy.ts; .artifacts/p1-4433deb/candidate.json; .artifacts/final-full-4433deb.log; docs/integration-acceptance-2026-09-30.md; .artifacts/p1-4433deb/terminal-pty.log; .artifacts/p1-4433deb/management-pty.log,"Source/module checks, composed service checks, historical fixed-package PTY and final-package gates are separate. Only explicitly named journeys count as PTY; no inference from total test count."
38,F039 Profile运行时解析、CLI及link插件,"已发布预发布版0.2.0-rc.2；首见0.1.6-alpha.1；https://github.com/deepseek-ai/deepseek-harness/commit/01f2f01a2fcdb7739f0ab1436443d7fda22d1e52
https://github.com/deepseek-ai/deepseek-harness/commit/57364a8475b94036ef9065839a4d7cac82b98619
https://github.com/deepseek-ai/deepseek-harness/commit/511216983e9e97ef774da674c1d6ab61c40121ee
https://github.com/deepseek-ai/deepseek-harness/commit/47c94a1d5e35bfe116a428c40da1c7ac5e17cf63
https://github.com/deepseek-ai/deepseek-harness/commit/8dfc6fe1ece9d7309c40a043df07f31537daed6a
https://github.com/deepseek-ai/deepseek-harness/commit/de2e799b0e2ae8f60ea84eba4206aabc291a9dd6
https://github.com/deepseek-ai/deepseek-harness/commit/2708df4a9c02eb4719361c41e70153b5ef614d55
https://github.com/deepseek-ai/deepseek-harness/commit/bffd317c8cf0050016f3a9114e1e3814c529766c
https://github.com/deepseek-ai/deepseek-harness/commit/b3961e06a0fb8d151708dea4a353061cc1daf06d
https://github.com/deepseek-ai/deepseek-harness/commit/393f72e32ec964128704e68701a927fbfe8381da
https://github.com/deepseek-ai/deepseek-harness/commit/7f382a1e2ca836cd9b676c2c3bcbf78fd6991b77","必须改代码（P0）。launcher dsh --profile、app-boot manifest/reconcile APIs、home/path及source解析高度耦合。bin.ts；profile-plugin-manager.ts；startup.ts
发布包R0：1.2.6基于dsh rc.1，本项新版语义未独立认证。
并行B?：用户本地适配进行中，未推送进度不可见；实施前比对活动分支。",src/bin.ts；src/host/profile-plugin-manager.ts；src/host/startup.ts,对新runtime resolution/CLI兼容alias及link peers完整核对；保留DSH_BIN/SEEKTTY_SPEC与profile隔离,stock实际tgz在精确官方Host装/启/卸/重装；非默认profile/local/link；NODE_PATH不可污染,P0,Profile create/copy/switch与plugin restart/remove已有历史验收,原版Host合同/可信integration整合；不再等待已停止worker，具体语义未单独认证,可信integration串行整合；未知A/C内容未采纳,固定4session成果已交；公共接线由E完成，不再等待停止worker,Native rc.2 remains execution/persistence owner. Final stock/full-suite coverage does not certify this individual engine feature; keep the original risk/plan boundary.,205207c全局候选：241files/2369pass/1既有Clarify skip，typecheck/build/pack55/source-lib23一致；stock生命周期/默认privacy/Hostfiles watch PTY通过。逐项历史证据及未测边界保留；全局门禁不是127项逐项PTY认证。 该行既有记录：4433deb full2181pass1skip/Node24 typecheck/build/pack37/23lib identical/official stock lifecycle passed. Same tarball16cf416b60244e569673550a3862c3fb79f5917274520c6401f0b2fb210e53ab; aggregate gates are not individual feature or cross-platform certification. Same package terminal26 and management17 PTY passed; individual row boundaries remain.,; .artifacts/p1-4433deb/candidate.json; .artifacts/final-full-4433deb.log; docs/integration-acceptance-2026-09-30.md; .artifacts/p1-4433deb/terminal-pty.log; .artifacts/p1-4433deb/management-pty.log,"Source/module checks, composed service checks, historical fixed-package PTY and final-package gates are separate. Only explicitly named journeys count as PTY; no inference from total test count."
39,F040 Web启动/长会话渲染性能,"已发布预发布版0.2.0-rc.2；首见0.1.6-alpha.2；https://github.com/deepseek-ai/deepseek-harness/commit/0d1f50007f9bca3f52b06e1c3074fa14d5fb0720
https://github.com/deepseek-ai/deepseek-harness/commit/b51eb87125b3bcfac4fd1c60bc2b9d221d602000
https://github.com/deepseek-ai/deepseek-harness/commit/8129f8f6bd1853961f4892a6ebe05753b59c7dde
https://github.com/deepseek-ai/deepseek-harness/commit/21e31ac05e20a479d324633e43d245d05c1c00c6
https://github.com/deepseek-ai/deepseek-harness/commit/24114524336c6ce8757cda92d4227fac1dd7a169
https://github.com/deepseek-ai/deepseek-harness/commit/fe5b4da6f561a98718d62d3196b1adfc4dd1af34","Host自动获得（Host cold/list部分）；不适用（React性能）。自身vendor session-runtime与TUI indexes，不使用新版Web virtualization
发布包R0：1.2.6基于dsh rc.1，本项新版语义未独立认证。
并行B?：用户本地适配进行中，未推送进度不可见；实施前比对活动分支。",package.json；cordis.patch.yml,可复用官方数据层修复但旧vendor需迁移；不要宣称Web lazy PDF或滚动优化让TUI自动更流畅,固定history长度和active tail的TUI输入延迟/CPU；事件处理复杂度，兼容内容完整性,P1,依赖升级允许继承，实际装配/表现仍需核验,Host继承候选；装配/投影回归待E,可信integration串行整合；未知A/C内容未采纳,固定4session成果已交；公共接线由E完成，不再等待停止worker,沿用原矩阵接入方案，补目标Host证据；未证明不标完成,205207c全局候选：241files/2369pass/1既有Clarify skip，typecheck/build/pack55/source-lib23一致；stock生命周期/默认privacy/Hostfiles watch PTY通过。逐项历史证据及未测边界保留；全局门禁不是127项逐项PTY认证。 该行既有记录：4433deb full2181pass1skip/Node24 typecheck/build/pack37/23lib identical/official stock lifecycle passed. Same tarball16cf416b60244e569673550a3862c3fb79f5917274520c6401f0b2fb210e53ab; aggregate gates are not individual feature or cross-platform certification. Same package terminal26 and management17 PTY passed; individual row boundaries remain.,; .artifacts/p1-4433deb/candidate.json; .artifacts/final-full-4433deb.log; docs/integration-acceptance-2026-09-30.md; .artifacts/p1-4433deb/terminal-pty.log; .artifacts/p1-4433deb/management-pty.log,"Source/module checks, composed service checks, historical fixed-package PTY and final-package gates are separate. Only explicitly named journeys count as PTY; no inference from total test count."
40,F041 会话resize和UI局部布局,"已发布预发布版0.2.0-rc.2；首见0.1.6-alpha.2；https://github.com/deepseek-ai/deepseek-harness/commit/9441552679154fa1d018a5e742f6c935731a7d6e
https://github.com/deepseek-ai/deepseek-harness/commit/5dc6767d7b30e47e5df08821c9bbbc1b1b71e4d8
https://github.com/deepseek-ai/deepseek-harness/commit/dff5506934fe12129b1a1b75b7a8c05d6515f7ac
https://github.com/deepseek-ai/deepseek-harness/commit/e950c8bea42b15c3307f172844cdb572ee1c6ded
https://github.com/deepseek-ai/deepseek-harness/commit/3889e97de0ccb45936a01e2237779d52c2c6167b
https://github.com/deepseek-ai/deepseek-harness/commit/89756afa72cd4f431125583f8a0bea74e5ca604c
https://github.com/deepseek-ai/deepseek-harness/commit/a8fc0b3f16bee57cb7fc9481456094771c245c10
https://github.com/deepseek-ai/deepseek-harness/commit/ce7718ad6a987d2df0e5fc0e0d6be39fb810ca1e
https://github.com/deepseek-ai/deepseek-harness/commit/e5587c7ff546a7145086a1b1de49e203c342bfba","不适用（Web布局）；必须改代码（API子项）。TUI自行管理resize/hit map/overlays；不消费Web定义组
发布包R0：1.2.6基于dsh rc.1，本项新版语义未独立认证。
并行B?：用户本地适配进行中，未推送进度不可见；实施前比对活动分支。",src/client/capabilities.ts；src/client/actions.ts,保留既有resize逻辑；其中input hooks/definition groups分别按F077/F075核对，不笼统全部不适用,resize保选择/scroll/draft/hover几何；API字段变更不被样式分类掩盖,P1,原矩阵明确终端不适用；部分等价能力按原文保留,终端不适用（按原矩阵具体理由）,可信integration串行整合；未知A/C内容未采纳,固定4session成果已交；公共接线由E完成，不再等待停止worker,B完成提交后审查差异并验收,205207c全局候选：241files/2369pass/1既有Clarify skip，typecheck/build/pack55/source-lib23一致；stock生命周期/默认privacy/Hostfiles watch PTY通过。逐项历史证据及未测边界保留；全局门禁不是127项逐项PTY认证。 该行既有记录：4433deb full2181pass1skip/Node24 typecheck/build/pack37/23lib identical/official stock lifecycle passed. Same tarball16cf416b60244e569673550a3862c3fb79f5917274520c6401f0b2fb210e53ab; aggregate gates are not individual feature or cross-platform certification. Same package terminal26 and management17 PTY passed; individual row boundaries remain.,; .artifacts/p1-4433deb/candidate.json; .artifacts/final-full-4433deb.log; docs/integration-acceptance-2026-09-30.md; .artifacts/p1-4433deb/terminal-pty.log; .artifacts/p1-4433deb/management-pty.log,"Source/module checks, composed service checks, historical fixed-package PTY and final-package gates are separate. Only explicitly named journeys count as PTY; no inference from total test count."
41,F042 客户端插件HMR无需刷新,已发布预发布版0.2.0-rc.2；首见0.1.6-alpha.2；https://github.com/deepseek-ai/deepseek-harness/commit/b03d5c68eaaa8a2966eb6b2cb846feb2ee8d83c1,"不适用（默认HMR关闭）；待产品选择。cordis.patch.yml:10禁用hmr；profile/plugin变更受控restart/handoff
发布包R0：1.2.6基于dsh rc.1，本项新版语义未独立认证。
并行B?：用户本地适配进行中，未推送进度不可见；实施前比对活动分支。",cordis.patch.yml:10,不直接开启Web client HMR；如果将来采用新client模块，先定义TUI generation与draft恢复,插件install/remove后restart一次；旧Remote callback不作用新session；坏插件仍可恢复,P2,原矩阵明确终端不适用；部分等价能力按原文保留,终端不适用（按原矩阵具体理由）,可信integration串行整合；未知A/C内容未采纳,固定4session成果已交；公共接线由E完成，不再等待停止worker,不适用（默认HMR关闭）；待产品选择。cordis.patch.yml:10禁用hmr；profile/plugin变更受控restart/handoff,205207c全局候选：241files/2369pass/1既有Clarify skip，typecheck/build/pack55/source-lib23一致；stock生命周期/默认privacy/Hostfiles watch PTY通过。逐项历史证据及未测边界保留；全局门禁不是127项逐项PTY认证。 该行既有记录：4433deb full2181pass1skip/Node24 typecheck/build/pack37/23lib identical/official stock lifecycle passed. Same tarball16cf416b60244e569673550a3862c3fb79f5917274520c6401f0b2fb210e53ab; aggregate gates are not individual feature or cross-platform certification. Same package terminal26 and management17 PTY passed; individual row boundaries remain.,; .artifacts/p1-4433deb/candidate.json; .artifacts/final-full-4433deb.log; docs/integration-acceptance-2026-09-30.md; .artifacts/p1-4433deb/terminal-pty.log; .artifacts/p1-4433deb/management-pty.log,"Source/module checks, composed service checks, historical fixed-package PTY and final-package gates are separate. Only explicitly named journeys count as PTY; no inference from total test count."
42,F043 模型输入类型、提供商入口和搜索,"已发布预发布版0.2.0-rc.2；首见0.1.6-alpha.2；https://github.com/deepseek-ai/deepseek-harness/commit/011bbf8eeca695b91589fe173f581bd0aded1da3
https://github.com/deepseek-ai/deepseek-harness/commit/ce4810cacbb4a70bb9847863ac17986ebdb1931a
https://github.com/deepseek-ai/deepseek-harness/commit/b3d54fcef776ab9fd015785e53efa139a94f2824
https://github.com/deepseek-ai/deepseek-harness/commit/37e4dc2dee629978ce43a659f2fb2f11aeed2a1a
https://github.com/deepseek-ai/deepseek-harness/commit/0067efc8aecf2105de4fb11c78076b292a706e7b
https://github.com/deepseek-ai/deepseek-harness/commit/c68c6db9ca02c5c9fe2e0f367a91e148e8a11db0
https://github.com/deepseek-ai/deepseek-harness/commit/5124a2a310a904d28118609c41d89f26440b946b
https://github.com/deepseek-ai/deepseek-harness/commit/6d5b3e8c2307aaf127224bc65592c5035f287930
https://github.com/deepseek-ai/deepseek-harness/commit/5a9b56a8be7270218c696ea9ddebb450a152d5c4
https://github.com/deepseek-ai/deepseek-harness/commit/257df553b65b313c164d0db87965a3c5f24b8bb8","必须改代码（模型metadata/Provider寻址）；已支持动态目录。model groups动态，但旧modelCatalogModelSchema只保id/name/description/reasoning，input modalities未进入选择项。vendor/api-contract/api/sessions.schema.js:125-151；capabilities.ts:861-886
发布包R0：1.2.6基于dsh rc.1，本项新版语义未独立认证。
并行B?：用户本地适配进行中，未推送进度不可见；实施前比对活动分支。",vendor/api-contract/api/sessions.schema.js:125-151；src/client/capabilities.ts:861-886,保留完整输入类型/limits metadata；让Provider操作以descriptor settingsNs/settingsPath寻址；模糊搜索可用现有overlay,text-only模型图片禁用/提示、inactive provider、manual视觉覆盖、加载spinner、错误不清已选route,P0,Provider discovery/edit/routing已验收；完整模型模态UI未证明,Public /model-info uses actual metadata and exact Provider route,可信integration串行整合；未知A/C内容未采纳,固定4session成果已交；公共接线由E完成，不再等待停止worker,60adec9 model-info PTY passed. Official modelCatalog omitted modality/limits stays unknown; actual llm.discoverModels is not silently invoked; real model inference unsupported as test claim.,205207c全局候选：241files/2369pass/1既有Clarify skip，typecheck/build/pack55/source-lib23一致；stock生命周期/默认privacy/Hostfiles watch PTY通过。逐项历史证据及未测边界保留；全局门禁不是127项逐项PTY认证。 该行既有记录：4433deb full2181pass1skip/Node24 typecheck/build/pack37/23lib identical/official stock lifecycle passed. Same tarball16cf416b60244e569673550a3862c3fb79f5917274520c6401f0b2fb210e53ab; aggregate gates are not individual feature or cross-platform certification. Same package terminal26 and management17 PTY passed; individual row boundaries remain.,"; intake-public-wiring.log: 8 files/57 tests, typecheck/diff-check; docs/model-account-public-wiring-2026-09-30.md; .artifacts/p1-4433deb/candidate.json; .artifacts/final-full-4433deb.log; docs/integration-acceptance-2026-09-30.md; .artifacts/p1-4433deb/terminal-pty.log; .artifacts/p1-4433deb/management-pty.log","Source/module checks, composed service checks, historical fixed-package PTY and final-package gates are separate. Only explicitly named journeys count as PTY; no inference from total test count."
43,F044 重启恢复Inbox与队列多行编辑,"已发布预发布版0.2.0-rc.2；首见0.1.6-alpha.2；https://github.com/deepseek-ai/deepseek-harness/commit/31209ea9d75eb9f88367cb5357c73ad78dc67da2
https://github.com/deepseek-ai/deepseek-harness/commit/5ca6d34ac680501507e7504a5e5dda86fc63d696","Host自动获得（durable inbox）；必须改代码（新投影桥）。队列baseline+live已桥接，UI已有multilineInput编辑。api-compat.ts:190-268；actions.ts:2559-2575
发布包R0：1.2.6基于dsh rc.1，本项新版语义未独立认证。
并行B?：用户本地适配进行中，未推送进度不可见；实施前比对活动分支。",src/host/api-compat.ts:190-268；src/client/actions.ts:2559-2575,按新版durable inbox/control语义恢复，不自建持久queue；确认取消/reconnect不会重复发,重启排队消息保留、multi-line完整、队列被Host并发消费、编辑失败保原内容,P0,native inbox桥已适配；重启/queue交错完整矩阵待B,Inbox same-domain watermark guard implemented; final package/reconnect acceptance pending,可信integration串行整合；未知A/C内容未采纳,固定4session成果已交；公共接线由E完成，不再等待停止worker,Complete final immutable-package acceptance and independent review; retain original row risk requirements.,205207c全局候选：241files/2369pass/1既有Clarify skip，typecheck/build/pack55/source-lib23一致；stock生命周期/默认privacy/Hostfiles watch PTY通过。逐项历史证据及未测边界保留；全局门禁不是127项逐项PTY认证。 该行既有记录：4433deb full2181pass1skip/Node24 typecheck/build/pack37/23lib identical/official stock lifecycle passed. Same tarball16cf416b60244e569673550a3862c3fb79f5917274520c6401f0b2fb210e53ab; aggregate gates are not individual feature or cross-platform certification. Same package terminal26 and management17 PTY passed; individual row boundaries remain.,a5c0bac; tests/native-mux.test.ts; .artifacts/p1-4433deb/candidate.json; .artifacts/final-full-4433deb.log; docs/integration-acceptance-2026-09-30.md; .artifacts/p1-4433deb/terminal-pty.log; .artifacts/p1-4433deb/management-pty.log,"Source/module checks, composed service checks, historical fixed-package PTY and final-package gates are separate. Only explicitly named journeys count as PTY; no inference from total test count."
44,F045 插件安装、配置页、源选择与恢复,"已发布预发布版0.2.0-rc.2；首见0.1.6-alpha.2；https://github.com/deepseek-ai/deepseek-harness/commit/faf8da83f0313c20bbf6b8dfa7a3322da521e97a
https://github.com/deepseek-ai/deepseek-harness/commit/2bc76972652206807189272cb487e2d583d44b3d
https://github.com/deepseek-ai/deepseek-harness/commit/e879c7456aabd5ed7396c68d073130fc37dfd5aa
https://github.com/deepseek-ai/deepseek-harness/commit/f756097108d1fc69f71bae1ee3c6114e5ae40b12
https://github.com/deepseek-ai/deepseek-harness/commit/ce113eb86ae6dc37ce25b42f9e8f3d607f4140ae
https://github.com/deepseek-ai/deepseek-harness/commit/0d5ef607890a0c09a07f94f884ed7c51fd43856f
https://github.com/deepseek-ai/deepseek-harness/commit/67a04b47685bf3155fff67c1e3508c1033513fd2
https://github.com/deepseek-ai/deepseek-harness/commit/7d383f1fb9b2a560ccfb3e4afa78fc284e4c7ece
https://github.com/deepseek-ai/deepseek-harness/commit/afc27869f70b29cf07941def2a2d27a8e4246a32
https://github.com/deepseek-ai/deepseek-harness/commit/4d75946defa18c34b3b052c2ec678e09fe6f4dac
https://github.com/deepseek-ai/deepseek-harness/commit/82c7889b0e7283cce747b5dd5b1d8da82546769d
https://github.com/deepseek-ai/deepseek-harness/commit/1b83e0ff13f19f3da75b9cd47bdf34185b3515c5
https://github.com/deepseek-ai/deepseek-harness/commit/b2db50391351a668b46f19783bfaa82ceb9ced1a
https://github.com/deepseek-ai/deepseek-harness/commit/d4b109f43967b37a7556fa9098873f07ea515246
https://github.com/deepseek-ai/deepseek-harness/commit/c3afd488aa43b0fee4857f52ca4f54463db426b5
https://github.com/deepseek-ai/deepseek-harness/commit/354da32a3829ab4f6968396593295e8e2f5ca2e9
https://github.com/deepseek-ai/deepseek-harness/commit/ccaa0dc11c949080b7a434a8f95c6e29d09fb371
https://github.com/deepseek-ai/deepseek-harness/commit/16af6fddc732953601690cc9eb1f84e7d640f9a2
https://github.com/deepseek-ai/deepseek-harness/commit/60e69cb93174a0c9f962b0cb28b1438f8e08054b
https://github.com/deepseek-ai/deepseek-harness/commit/c92c72eb466f785c7833f3b696671207b0756dbe
https://github.com/deepseek-ai/deepseek-harness/commit/d70db1ccfdf0259a9adc5c77504ac68fdfd366d4
https://github.com/deepseek-ai/deepseek-harness/commit/4bbfa0884fdc6674d0252c39edf888bf612ae5c6
https://github.com/deepseek-ai/deepseek-harness/commit/31ed8ec4c404a6908c858f9f7667d3f4101feaf0
https://github.com/deepseek-ai/deepseek-harness/commit/2bde15f55109059679635c76a241559946e9640e","必须改代码（管理ABI/metadata）；已有管理中心。native Profile manager和marketplace已有安装/移除/排序/风险，自己解析patch单文件字段。profile-plugin-manager.ts；actions.ts:3451-4138
发布包R0：1.2.6基于dsh rc.1，本项新版语义未独立认证。
并行B?：用户本地适配进行中，未推送进度不可见；实施前比对活动分支。",src/host/profile-plugin-manager.ts；src/client/actions.ts:3451-4138,适配新plugin loader/metadata/启停/build approval/多patch；安装deadline和mirror回退遵原生行为；不重写新broker,安装取消/锁接管/网络stall、reinstall升级、未知结果不盲重试、确认build脚本、并发Profile变更,P0,插件restart/remove及Profile管理已有历史验收,原版Host合同/可信integration整合；不再等待已停止worker，具体语义未单独认证,可信integration串行整合；未知A/C内容未采纳,固定4session成果已交；公共接线由E完成，不再等待停止worker,Native rc.2 remains execution/persistence owner. Final stock/full-suite coverage does not certify this individual engine feature; keep the original risk/plan boundary.,205207c全局候选：241files/2369pass/1既有Clarify skip，typecheck/build/pack55/source-lib23一致；stock生命周期/默认privacy/Hostfiles watch PTY通过。逐项历史证据及未测边界保留；全局门禁不是127项逐项PTY认证。 该行既有记录：4433deb full2181pass1skip/Node24 typecheck/build/pack37/23lib identical/official stock lifecycle passed. Same tarball16cf416b60244e569673550a3862c3fb79f5917274520c6401f0b2fb210e53ab; aggregate gates are not individual feature or cross-platform certification. Same package terminal26 and management17 PTY passed; individual row boundaries remain.,; .artifacts/p1-4433deb/candidate.json; .artifacts/final-full-4433deb.log; docs/integration-acceptance-2026-09-30.md; .artifacts/p1-4433deb/terminal-pty.log; .artifacts/p1-4433deb/management-pty.log,"Source/module checks, composed service checks, historical fixed-package PTY and final-package gates are separate. Only explicitly named journeys count as PTY; no inference from total test count."
45,F046 Office独立运行时、SDK技能与共享转换,"已发布预发布版0.2.0-rc.2；首见0.1.6-alpha.2；https://github.com/deepseek-ai/deepseek-harness/commit/c19983150cb7246f06e44f09a621d2b8adfb3217
https://github.com/deepseek-ai/deepseek-harness/commit/c81dec55de503980c3427f496ab0ed7e9283acba
https://github.com/deepseek-ai/deepseek-harness/commit/6130eac6b7aeb4b2a00132396efbbd6f2d43a5de
https://github.com/deepseek-ai/deepseek-harness/commit/0e5ec6defaa8e5a294b5043079bb8427d0c6ec1f
https://github.com/deepseek-ai/deepseek-harness/commit/fee816628ffd7e4c87caa2105facbab74e326bfd
https://github.com/deepseek-ai/deepseek-harness/commit/a1e0ce557d174d8a0056c71831f6fc0c0dc1485c
https://github.com/deepseek-ai/deepseek-harness/commit/7717eb39c0d9164561fc164e1fd316b2e478ab12
https://github.com/deepseek-ai/deepseek-harness/commit/d0ddf939f080a5e2f12c9dfd4875f72b9b1b67ba
https://github.com/deepseek-ai/deepseek-harness/commit/5e25475857e4075fb2c1a700d762ac2d1b5f72e4
https://github.com/deepseek-ai/deepseek-harness/commit/8e816b7ea4950f53b7eeb4623d63d74bd1341491","Host自动获得（已装Office bundle时）；不适用（PDF浏览器预览）。Skills/tool目录动态；SeekTTY不自带Python Office runtime/SDK产品
发布包R0：1.2.6基于dsh rc.1，本项新版语义未独立认证。
并行B?：用户本地适配进行中，未推送进度不可见；实施前比对活动分支。",package.json；cordis.patch.yml,发现已装Office skills可直接展示；不要默认下载巨型runtime；转换二进制/输出文件由新版references与工具卡承载,无Office运行时清晰缺能力；conversion cancel/超限、产物打开；保持离线验收,P1,依赖升级允许继承，实际装配/表现仍需核验,Host继承候选；装配/投影回归待E,可信integration串行整合；未知A/C内容未采纳,固定4session成果已交；公共接线由E完成，不再等待停止worker,沿用原矩阵接入方案，补目标Host证据；未证明不标完成,205207c全局候选：241files/2369pass/1既有Clarify skip，typecheck/build/pack55/source-lib23一致；stock生命周期/默认privacy/Hostfiles watch PTY通过。逐项历史证据及未测边界保留；全局门禁不是127项逐项PTY认证。 该行既有记录：4433deb full2181pass1skip/Node24 typecheck/build/pack37/23lib identical/official stock lifecycle passed. Same tarball16cf416b60244e569673550a3862c3fb79f5917274520c6401f0b2fb210e53ab; aggregate gates are not individual feature or cross-platform certification. Same package terminal26 and management17 PTY passed; individual row boundaries remain.,; .artifacts/p1-4433deb/candidate.json; .artifacts/final-full-4433deb.log; docs/integration-acceptance-2026-09-30.md; .artifacts/p1-4433deb/terminal-pty.log; .artifacts/p1-4433deb/management-pty.log,"Source/module checks, composed service checks, historical fixed-package PTY and final-package gates are separate. Only explicitly named journeys count as PTY; no inference from total test count."
46,F047 重复有效权限不重复审批,已发布预发布版0.2.0-rc.2；首见0.1.6-alpha.2；https://github.com/deepseek-ai/deepseek-harness/commit/8e5f4caec2f9f84479c4863fe801242af874fae1,"Host自动获得（权限引擎）；已有本地同值短路。actions.ts:2440同值permission给notice；真正授权由Host native commands/approval
发布包R0：1.2.6基于dsh rc.1，本项新版语义未独立认证。
并行B?：用户本地适配进行中，未推送进度不可见；实施前比对活动分支。",src/client/actions.ts:2440,保留原命令，不叠加第二份审批状态；上游有效权限去重按Host判断,重复选择不重复approval；未知/full access确认与变化后状态刷新；拒绝不降级重发,P1,allow/reject审批和权限目录/选择已有历史验收,Host继承候选；装配/投影回归待E,可信integration串行整合；未知A/C内容未采纳,固定4session成果已交；公共接线由E完成，不再等待停止worker,沿用原矩阵接入方案，补目标Host证据；未证明不标完成,205207c全局候选：241files/2369pass/1既有Clarify skip，typecheck/build/pack55/source-lib23一致；stock生命周期/默认privacy/Hostfiles watch PTY通过。逐项历史证据及未测边界保留；全局门禁不是127项逐项PTY认证。 该行既有记录：4433deb full2181pass1skip/Node24 typecheck/build/pack37/23lib identical/official stock lifecycle passed. Same tarball16cf416b60244e569673550a3862c3fb79f5917274520c6401f0b2fb210e53ab; aggregate gates are not individual feature or cross-platform certification. Same package terminal26 and management17 PTY passed; individual row boundaries remain.,; .artifacts/p1-4433deb/candidate.json; .artifacts/final-full-4433deb.log; docs/integration-acceptance-2026-09-30.md; .artifacts/p1-4433deb/terminal-pty.log; .artifacts/p1-4433deb/management-pty.log,"Source/module checks, composed service checks, historical fixed-package PTY and final-package gates are separate. Only explicitly named journeys count as PTY; no inference from total test count."
47,F048 桌面原生窗口、菜单、对话框与拖拽,"已发布预发布版0.2.0-rc.2；首见0.1.6-alpha.2；https://github.com/deepseek-ai/deepseek-harness/commit/44c65b70adcd220cd00c031efba413c8a50f686b
https://github.com/deepseek-ai/deepseek-harness/commit/c0489984ff6c671fff8da804729521bf93217a87
https://github.com/deepseek-ai/deepseek-harness/commit/bf34d10e23a385c01bc499144856a27e95f89e01
https://github.com/deepseek-ai/deepseek-harness/commit/3bd8cfdf20f1c8760ce562664acab014e1f21f94
https://github.com/deepseek-ai/deepseek-harness/commit/a30f3a68c830ed16c57792a034004103e7c58a81
https://github.com/deepseek-ai/deepseek-harness/commit/c193e0dfee72dd91c3c51e3131b1a3de6db443f8
https://github.com/deepseek-ai/deepseek-harness/commit/6848f1e1183b6fb81d39a17d34329572bd561fec
https://github.com/deepseek-ai/deepseek-harness/commit/287f879d67336145be197a7cd1d633c06f3b798d
https://github.com/deepseek-ai/deepseek-harness/commit/b6cb6be3dab2decf736adc1041c6a0cddd5fb4d0
https://github.com/deepseek-ai/deepseek-harness/commit/949e875f7c034b971c192220a31cd1e992e6a8e3
https://github.com/deepseek-ai/deepseek-harness/commit/d9ff18ec2accb012ea0cb63cecc9eef57937a2ce
https://github.com/deepseek-ai/deepseek-harness/commit/1bc594d701bc4c8bb99d403b5233b400da6d7358
https://github.com/deepseek-ai/deepseek-harness/commit/447471d34d3aa66578ed50084aa8e9940a7b4029
https://github.com/deepseek-ai/deepseek-harness/commit/b4a60c847199a105308138424dea947b6dbf0895
https://github.com/deepseek-ai/deepseek-harness/commit/040f47a822f83183f984a91c8b9816d0808c93d9","不适用（Electron窗口产品）。当前Node终端，不含Electron窗口/菜单/拖拽
发布包R0：1.2.6基于dsh rc.1，本项新版语义未独立认证。
并行B?：用户本地适配进行中，未推送进度不可见；实施前比对活动分支。",独立Web或Desktop模块；无直接TUI落点,不移植mac菜单/Windows caption，保留终端平台键位/clipboard规范,TUI正常退出终端恢复；真实GUI终端独立矩阵，不引用桌面验收替代,,原矩阵明确终端不适用；部分等价能力按原文保留,终端不适用（按原矩阵具体理由）,可信integration串行整合；未知A/C内容未采纳,固定4session成果已交；公共接线由E完成，不再等待停止worker,不适用（Electron窗口产品）。当前Node终端，不含Electron窗口/菜单/拖拽,205207c全局候选：241files/2369pass/1既有Clarify skip，typecheck/build/pack55/source-lib23一致；stock生命周期/默认privacy/Hostfiles watch PTY通过。逐项历史证据及未测边界保留；全局门禁不是127项逐项PTY认证。 该行既有记录：4433deb full2181pass1skip/Node24 typecheck/build/pack37/23lib identical/official stock lifecycle passed. Same tarball16cf416b60244e569673550a3862c3fb79f5917274520c6401f0b2fb210e53ab; aggregate gates are not individual feature or cross-platform certification. Same package terminal26 and management17 PTY passed; individual row boundaries remain.,; .artifacts/p1-4433deb/candidate.json; .artifacts/final-full-4433deb.log; docs/integration-acceptance-2026-09-30.md; .artifacts/p1-4433deb/terminal-pty.log; .artifacts/p1-4433deb/management-pty.log,"Source/module checks, composed service checks, historical fixed-package PTY and final-package gates are separate. Only explicitly named journeys count as PTY; no inference from total test count."
48,F049 Electron Node模式传播,已发布预发布版0.2.0-rc.2；首见0.1.6-alpha.2；https://github.com/deepseek-ai/deepseek-harness/commit/bc49038b82114030dc9c0772009cd6dd384c8ce4,"不适用（独立Node）；Host自动获得（若嵌于Electron时）。SeekTTY官方支持Node启动；restart用process.execPath/env，不声明Electron嵌入支持
发布包R0：1.2.6基于dsh rc.1，本项新版语义未独立认证。
并行B?：用户本地适配进行中，未推送进度不可见；实施前比对活动分支。",独立Web或Desktop模块；无直接TUI落点,PTC bootstrap由上游runtime负责；不要向模型program泄漏继承env,独立Node路径足够；若另支持bundled Desktop CLI需额外确认ELECTRON_RUN_AS_NODE与empty env,,原矩阵明确终端不适用；部分等价能力按原文保留,终端不适用（按原矩阵具体理由）,可信integration串行整合；未知A/C内容未采纳,固定4session成果已交；公共接线由E完成，不再等待停止worker,不适用（独立Node）；Host自动获得（若嵌于Electron时）。SeekTTY官方支持Node启动；restart用process.execPath/env，不声明Electron嵌入支持,205207c全局候选：241files/2369pass/1既有Clarify skip，typecheck/build/pack55/source-lib23一致；stock生命周期/默认privacy/Hostfiles watch PTY通过。逐项历史证据及未测边界保留；全局门禁不是127项逐项PTY认证。 该行既有记录：4433deb full2181pass1skip/Node24 typecheck/build/pack37/23lib identical/official stock lifecycle passed. Same tarball16cf416b60244e569673550a3862c3fb79f5917274520c6401f0b2fb210e53ab; aggregate gates are not individual feature or cross-platform certification. Same package terminal26 and management17 PTY passed; individual row boundaries remain.,; .artifacts/p1-4433deb/candidate.json; .artifacts/final-full-4433deb.log; docs/integration-acceptance-2026-09-30.md; .artifacts/p1-4433deb/terminal-pty.log; .artifacts/p1-4433deb/management-pty.log,"Source/module checks, composed service checks, historical fixed-package PTY and final-package gates are separate. Only explicitly named journeys count as PTY; no inference from total test count."
49,F050 子智能体并发、深度与后代发现,"已发布预发布版0.2.0-rc.2；首见0.1.6-alpha.2；https://github.com/deepseek-ai/deepseek-harness/commit/98ebcccf9ecee2663f6588567baeb40d99c3f253
https://github.com/deepseek-ai/deepseek-harness/commit/cf06315851af1cb2b2cffbffe8674c89ce09e11d
https://github.com/deepseek-ai/deepseek-harness/commit/974c149446f062a58d6c1f5b01ccc44fc4f5f129","Host自动获得（限制/发现）；必须改代码（新tree数据契约核对）。已递归Agent Tree，标签依赖旧catalog fields；CURRENT_DSH_SUBAGENT_PRESENTATION_CONTRACT显式列unsupported。agent-tree.ts；subagent-presentation.ts；dsh-compat.ts:20-51
发布包R0：1.2.6基于dsh rc.1，本项新版语义未独立认证。
并行B?：用户本地适配进行中，未推送进度不可见；实施前比对活动分支。",src/client/agent-tree.ts；src/client/subagent-presentation.ts；src/dsh-compat.ts:20-51,重新生成subagent字段支持表，接parent catalogs与限额信息；不把旧unsupported永远当无能力,8live/depth1默认、配置变更、nested descendant发现、子树disposal、父viewport恢复,P1,子Agent终端旅程已验收；新限制/tree组合待核,Native listDescendants exact direct-parent/depth1 catalog adapter corrected; actual published algorithm regression,可信integration串行整合；未知A/C内容未采纳,固定4session成果已交；公共接线由E完成，不再等待停止worker,Independent real hot/cold child open/parent-return P2 closed5bd6d3b; breadcrumb hot/cold identity P3 closed190c601. Final new package regression boundary remains; full subtree traversal cost retained.,205207c全局候选：241files/2369pass/1既有Clarify skip，typecheck/build/pack55/source-lib23一致；stock生命周期/默认privacy/Hostfiles watch PTY通过。逐项历史证据及未测边界保留；全局门禁不是127项逐项PTY认证。 该行既有记录：4433deb full2181pass1skip/Node24 typecheck/build/pack37/23lib identical/official stock lifecycle passed. Same tarball16cf416b60244e569673550a3862c3fb79f5917274520c6401f0b2fb210e53ab; aggregate gates are not individual feature or cross-platform certification. Same package terminal26 and management17 PTY passed; individual row boundaries remain.,5bd6d3b517a1d6074252744ab4c6a92823d06598; docs/child-catalog-rc2-2026-09-30.md; .artifacts/p1-4433deb/candidate.json; .artifacts/final-full-4433deb.log; docs/integration-acceptance-2026-09-30.md; .artifacts/p1-4433deb/terminal-pty.log; .artifacts/p1-4433deb/management-pty.log,"Source/module checks, composed service checks, historical fixed-package PTY and final-package gates are separate. Only explicitly named journeys count as PTY; no inference from total test count."
50,F051 客户端Session多实例与显式引用,已发布预发布版0.2.0-rc.2；首见0.1.6-alpha.2；https://github.com/deepseek-ai/deepseek-harness/commit/f0aebe0d8b683841958e9ad43229b1eb07f8ae22,"必须改代码（P0，Client ownership）。旧vendor.sessions.open/binding/single selection模型贯穿client-runtime/capabilities/surface，未自动采用新ref ownership
发布包R0：1.2.6基于dsh rc.1，本项新版语义未独立认证。
并行B?：用户本地适配进行中，未推送进度不可见；实施前比对活动分支。",src/client/capabilities.ts；src/client/actions.ts,集中Session reference/lease适配，显式open/release与generation边界；多view不能共享可变draft,父子多view、切换/close/reopen、late callback、ref泄漏、流无重复/遗漏,P0,00dba96未逐项证明完整支持,Old generation carrier/list replies fenced; source integrated; individual package boundaries below,可信integration串行整合；未知A/C内容未采纳,固定4session成果已交；公共接线由E完成，不再等待停止worker,Complete final immutable-package acceptance and independent review; retain original row risk requirements.,205207c全局候选：241files/2369pass/1既有Clarify skip，typecheck/build/pack55/source-lib23一致；stock生命周期/默认privacy/Hostfiles watch PTY通过。逐项历史证据及未测边界保留；全局门禁不是127项逐项PTY认证。 该行既有记录：4433deb full2181pass1skip/Node24 typecheck/build/pack37/23lib identical/official stock lifecycle passed. Same tarball16cf416b60244e569673550a3862c3fb79f5917274520c6401f0b2fb210e53ab; aggregate gates are not individual feature or cross-platform certification. Same package terminal26 and management17 PTY passed; individual row boundaries remain.,b751b75; ca5c627; .artifacts/p1-4433deb/candidate.json; .artifacts/final-full-4433deb.log; docs/integration-acceptance-2026-09-30.md; .artifacts/p1-4433deb/terminal-pty.log; .artifacts/p1-4433deb/management-pty.log,"Source/module checks, composed service checks, historical fixed-package PTY and final-package gates are separate. Only explicitly named journeys count as PTY; no inference from total test count."
51,F052 已知站点链接图标,已发布预发布版0.2.0-rc.2；首见0.1.6-alpha.2；https://github.com/deepseek-ai/deepseek-harness/commit/22c96420feaceb691235d03cfa4919a495fa9929,"不适用（Web图标）；已支持文本链接。transcript有链接/文本复制，未用浏览器站点icon体系
发布包R0：1.2.6基于dsh rc.1，本项新版语义未独立认证。
并行B?：用户本地适配进行中，未推送进度不可见；实施前比对活动分支。",独立Web或Desktop模块；无直接TUI落点,终端优先清楚URL和确认打开；品牌icon不作为必做功能差距,恶意控制序列URL清理、复制与实际打开目标一致,,原矩阵明确终端不适用；部分等价能力按原文保留,终端不适用（按原矩阵具体理由）,可信integration串行整合；未知A/C内容未采纳,固定4session成果已交；公共接线由E完成，不再等待停止worker,不适用（Web图标）；已支持文本链接。transcript有链接/文本复制，未用浏览器站点icon体系,205207c全局候选：241files/2369pass/1既有Clarify skip，typecheck/build/pack55/source-lib23一致；stock生命周期/默认privacy/Hostfiles watch PTY通过。逐项历史证据及未测边界保留；全局门禁不是127项逐项PTY认证。 该行既有记录：4433deb full2181pass1skip/Node24 typecheck/build/pack37/23lib identical/official stock lifecycle passed. Same tarball16cf416b60244e569673550a3862c3fb79f5917274520c6401f0b2fb210e53ab; aggregate gates are not individual feature or cross-platform certification. Same package terminal26 and management17 PTY passed; individual row boundaries remain.,; .artifacts/p1-4433deb/candidate.json; .artifacts/final-full-4433deb.log; docs/integration-acceptance-2026-09-30.md; .artifacts/p1-4433deb/terminal-pty.log; .artifacts/p1-4433deb/management-pty.log,"Source/module checks, composed service checks, historical fixed-package PTY and final-package gates are separate. Only explicitly named journeys count as PTY; no inference from total test count."
52,F053 客户端可复用组件工厂,已发布预发布版0.2.0-rc.2；首见0.1.6-alpha.2；https://github.com/deepseek-ai/deepseek-harness/commit/1d6ef883db79e5223068d8c30ed06ef751e88e27,"不适用（Web组件工厂）；须关注共享API输入。TUI component/overlay来自pi-tui与本地布局，不采用Web工厂
发布包R0：1.2.6基于dsh rc.1，本项新版语义未独立认证。
并行B?：用户本地适配进行中，未推送进度不可见；实施前比对活动分支。",独立Web或Desktop模块；无直接TUI落点,不为上游Web抽象重写Terminal；如果官方工厂同时输出共享projection type则核schema,TUI rendering回归；不引入React/browser依赖到消费包,,原矩阵明确终端不适用；部分等价能力按原文保留,终端不适用（按原矩阵具体理由）,可信integration串行整合；未知A/C内容未采纳,固定4session成果已交；公共接线由E完成，不再等待停止worker,不适用（Web组件工厂）；须关注共享API输入。TUI component/overlay来自pi-tui与本地布局，不采用Web工厂,205207c全局候选：241files/2369pass/1既有Clarify skip，typecheck/build/pack55/source-lib23一致；stock生命周期/默认privacy/Hostfiles watch PTY通过。逐项历史证据及未测边界保留；全局门禁不是127项逐项PTY认证。 该行既有记录：4433deb full2181pass1skip/Node24 typecheck/build/pack37/23lib identical/official stock lifecycle passed. Same tarball16cf416b60244e569673550a3862c3fb79f5917274520c6401f0b2fb210e53ab; aggregate gates are not individual feature or cross-platform certification. Same package terminal26 and management17 PTY passed; individual row boundaries remain.,; .artifacts/p1-4433deb/candidate.json; .artifacts/final-full-4433deb.log; docs/integration-acceptance-2026-09-30.md; .artifacts/p1-4433deb/terminal-pty.log; .artifacts/p1-4433deb/management-pty.log,"Source/module checks, composed service checks, historical fixed-package PTY and final-package gates are separate. Only explicitly named journeys count as PTY; no inference from total test count."
53,F054 上下文用量移入composer stats,已发布预发布版0.2.0-rc.2；首见0.1.6-alpha.2；https://github.com/deepseek-ai/deepseek-harness/commit/0c374357dd63f4988a5542d88c490c234ba9cbeb,"已原生支持（独立显示）；Host自动获得（新统计数据）。chrome/headerFacts/status已有context token和统计，不在Web composer同位置。capabilities.ts:1314-1391
发布包R0：1.2.6基于dsh rc.1，本项新版语义未独立认证。
并行B?：用户本地适配进行中，未推送进度不可见；实施前比对活动分支。",src/client/capabilities.ts:1314-1391,新usage snapshot字段映射，保留Official/Aux/Combined来源，不把布局差异判不支持,未知统计保unknown、partial与final稳定、Aux不覆盖官方tokenUsage,P1,原矩阵记录旧基线源码已有能力；不等于rc.2逐项运行通过,Existing stats/header read Host projections; layout difference retained,可信integration串行整合；未知A/C内容未采纳,固定4session成果已交；公共接线由E完成，不再等待停止worker,Final candidate regression and original feature-specific risk boundaries apply; whole-suite/stock pass is not per-feature inference or cross-platform proof.,205207c全局候选：241files/2369pass/1既有Clarify skip，typecheck/build/pack55/source-lib23一致；stock生命周期/默认privacy/Hostfiles watch PTY通过。逐项历史证据及未测边界保留；全局门禁不是127项逐项PTY认证。 该行既有记录：4433deb full2181pass1skip/Node24 typecheck/build/pack37/23lib identical/official stock lifecycle passed. Same tarball16cf416b60244e569673550a3862c3fb79f5917274520c6401f0b2fb210e53ab; aggregate gates are not individual feature or cross-platform certification. Same package terminal26 and management17 PTY passed; individual row boundaries remain.,src/client/capabilities.ts sessionStatistics/headerFacts; src/client/surface.ts status; .artifacts/p1-4433deb/candidate.json; .artifacts/final-full-4433deb.log; docs/integration-acceptance-2026-09-30.md; .artifacts/p1-4433deb/terminal-pty.log; .artifacts/p1-4433deb/management-pty.log,"Source/module checks, composed service checks, historical fixed-package PTY and final-package gates are separate. Only explicitly named journeys count as PTY; no inference from total test count."
54,F055 侧栏内置浏览器和链接打开偏好,"已发布预发布版0.2.0-rc.2；首见0.1.6-alpha.2；https://github.com/deepseek-ai/deepseek-harness/commit/5100350d9b56ef4d727d35dc5dc77da2f4de3678
https://github.com/deepseek-ai/deepseek-harness/commit/3eab1714bcd8f85bdc0a16a5a56540c1d83e68d4
https://github.com/deepseek-ai/deepseek-harness/commit/3834da86024e132ee801528185999125f22dc3f3
https://github.com/deepseek-ai/deepseek-harness/commit/29d96fa53851d7a64c486b88bb37527681bce6b4","不适用（内嵌Webview）；待明确产品范围。produced/link外部打开有确认；无嵌入浏览器生命周期
发布包R0：1.2.6基于dsh rc.1，本项新版语义未独立认证。
并行B?：用户本地适配进行中，未推送进度不可见；实施前比对活动分支。",独立Web或Desktop模块；无直接TUI落点,保持外部native opener；可选Browser Use工具见F034，二者不要混用,打开URL只一次、危险scheme拒绝、工作区路径不误作web URL,,原矩阵明确终端不适用；部分等价能力按原文保留,终端不适用（按原矩阵具体理由）,可信integration串行整合；未知A/C内容未采纳,固定4session成果已交；公共接线由E完成，不再等待停止worker,不适用（内嵌Webview）；待明确产品范围。produced/link外部打开有确认；无嵌入浏览器生命周期,205207c全局候选：241files/2369pass/1既有Clarify skip，typecheck/build/pack55/source-lib23一致；stock生命周期/默认privacy/Hostfiles watch PTY通过。逐项历史证据及未测边界保留；全局门禁不是127项逐项PTY认证。 该行既有记录：4433deb full2181pass1skip/Node24 typecheck/build/pack37/23lib identical/official stock lifecycle passed. Same tarball16cf416b60244e569673550a3862c3fb79f5917274520c6401f0b2fb210e53ab; aggregate gates are not individual feature or cross-platform certification. Same package terminal26 and management17 PTY passed; individual row boundaries remain.,; .artifacts/p1-4433deb/candidate.json; .artifacts/final-full-4433deb.log; docs/integration-acceptance-2026-09-30.md; .artifacts/p1-4433deb/terminal-pty.log; .artifacts/p1-4433deb/management-pty.log,"Source/module checks, composed service checks, historical fixed-package PTY and final-package gates are separate. Only explicitly named journeys count as PTY; no inference from total test count."
55,F056 桌面更新及Windows安装卸载,"已发布预发布版0.2.0-rc.2；首见0.1.6-alpha.1；https://github.com/deepseek-ai/deepseek-harness/commit/45b5b53c2382ccfc729ebc364e467bbe6d0f2b39
https://github.com/deepseek-ai/deepseek-harness/commit/bf34d10e23a385c01bc499144856a27e95f89e01
https://github.com/deepseek-ai/deepseek-harness/commit/bba78f0534e418744e7b5028f204ec5cfef788b1
https://github.com/deepseek-ai/deepseek-harness/commit/f5b0f56ce683f980d2e472af0a09cdaef4d6eda0
https://github.com/deepseek-ai/deepseek-harness/commit/dc81ed348c825683b6fa172c375597f864623d27
https://github.com/deepseek-ai/deepseek-harness/commit/6848f1e1183b6fb81d39a17d34329572bd561fec
https://github.com/deepseek-ai/deepseek-harness/commit/6446944fa66ad8858d0aed9242ddeb951dc51a19
https://github.com/deepseek-ai/deepseek-harness/commit/735700c4b5f2dc9f2a1874921cea95ce56f50afc
https://github.com/deepseek-ai/deepseek-harness/commit/dcac4c6eacb52adc99894157626f97d4a85a030e
https://github.com/deepseek-ai/deepseek-harness/commit/a19a48edea65f293a02a756cec714154c5f41bb3
https://github.com/deepseek-ai/deepseek-harness/commit/af28c551f338724b3de5fa714a950498aabb0e08
https://github.com/deepseek-ai/deepseek-harness/commit/1bc594d701bc4c8bb99d403b5233b400da6d7358
https://github.com/deepseek-ai/deepseek-harness/commit/010f0e230a8b61a96a66d71563df9e9ba763b7f9
https://github.com/deepseek-ai/deepseek-harness/commit/69005cb9563b83729020b1bbe9f73084b34cdd3c","不适用（Desktop安装/自更新）；已有TUI独立更新。version-scan/bin实现npm自更新self-first及tested限制
发布包R0：1.2.6基于dsh rc.1，本项新版语义未独立认证。
并行B?：用户本地适配进行中，未推送进度不可见；实施前比对活动分支。",独立Web或Desktop模块；无直接TUI落点,保留TUI版本政策，别照搬Electron installer或关闭窗口行为,SEEKTTY_SPEC/DSH_BIN override不改；失败不阻断启动；发布源verified,,原矩阵明确终端不适用；部分等价能力按原文保留,终端不适用（按原矩阵具体理由）,可信integration串行整合；未知A/C内容未采纳,固定4session成果已交；公共接线由E完成，不再等待停止worker,不适用（Desktop安装/自更新）；已有TUI独立更新。version-scan/bin实现npm自更新self-first及tested限制,205207c全局候选：241files/2369pass/1既有Clarify skip，typecheck/build/pack55/source-lib23一致；stock生命周期/默认privacy/Hostfiles watch PTY通过。逐项历史证据及未测边界保留；全局门禁不是127项逐项PTY认证。 该行既有记录：4433deb full2181pass1skip/Node24 typecheck/build/pack37/23lib identical/official stock lifecycle passed. Same tarball16cf416b60244e569673550a3862c3fb79f5917274520c6401f0b2fb210e53ab; aggregate gates are not individual feature or cross-platform certification. Same package terminal26 and management17 PTY passed; individual row boundaries remain.,; .artifacts/p1-4433deb/candidate.json; .artifacts/final-full-4433deb.log; docs/integration-acceptance-2026-09-30.md; .artifacts/p1-4433deb/terminal-pty.log; .artifacts/p1-4433deb/management-pty.log,"Source/module checks, composed service checks, historical fixed-package PTY and final-package gates are separate. Only explicitly named journeys count as PTY; no inference from total test count."
56,F057 计划审阅侧栏、保留工件与恢复,"已发布预发布版0.2.0-rc.2；首见0.1.6-alpha.2；https://github.com/deepseek-ai/deepseek-harness/commit/3958f801e3b9c36d481c17bf1720ce55624a8042
https://github.com/deepseek-ai/deepseek-harness/commit/5daaaea3c05481c57ed25d2ffb7052c4ec397090
https://github.com/deepseek-ai/deepseek-harness/commit/a165e82bfcf9531914f0d0864301840c66adf470
https://github.com/deepseek-ai/deepseek-harness/commit/59fcf274d0f41e5a5df5c7046ba95dcbf526d638
https://github.com/deepseek-ai/deepseek-harness/commit/f83800530c02c21330b09b0d4c799751d531887f","已原生支持（plan提问/记录）；必须改代码（新版plan artifacts）。本地actions支持plan review问题，transcript planCommandText；旧vendor projection
发布包R0：1.2.6基于dsh rc.1，本项新版语义未独立认证。
并行B?：用户本地适配进行中，未推送进度不可见；实施前比对活动分支。",src/client/capabilities.ts；src/client/actions.ts；src/client/transcript.ts,接新持久plan artifact/reference与恢复；侧栏仅Web，可用TUI文本viewer+选择,全文plan、切换session/overlay后恢复review、取消/拒绝、未知artifacts不吞,P1,原矩阵记录旧基线源码已有能力；不等于rc.2逐项运行通过,Public /plans and native /plan retained; persistent artifact controller wired,可信integration串行整合；未知A/C内容未采纳,固定4session成果已交；公共接线由E完成，不再等待停止worker,Source/controller tests passed. Real composed persistent Plan/restore journey not independently PTY certified; no invented persistent plan namespace.,205207c全局候选：241files/2369pass/1既有Clarify skip，typecheck/build/pack55/source-lib23一致；stock生命周期/默认privacy/Hostfiles watch PTY通过。逐项历史证据及未测边界保留；全局门禁不是127项逐项PTY认证。 该行既有记录：4433deb full2181pass1skip/Node24 typecheck/build/pack37/23lib identical/official stock lifecycle passed. Same tarball16cf416b60244e569673550a3862c3fb79f5917274520c6401f0b2fb210e53ab; aggregate gates are not individual feature or cross-platform certification. Same package terminal26 and management17 PTY passed; individual row boundaries remain.,e8e48ea; tests/public-session-artifacts.test.js; tests/session-browser.test.ts; tests/artifact-view.test.ts; docs/public-session-artifacts-2026-09-30.md; .artifacts/p1-4433deb/candidate.json; .artifacts/final-full-4433deb.log; docs/integration-acceptance-2026-09-30.md; .artifacts/p1-4433deb/terminal-pty.log; .artifacts/p1-4433deb/management-pty.log,"Source/module checks, composed service checks, historical fixed-package PTY and final-package gates are separate. Only explicitly named journeys count as PTY; no inference from total test count."
57,F058 Trajectory附件统一显示,已发布预发布版0.2.0-rc.2；首见0.1.6-alpha.2；https://github.com/deepseek-ai/deepseek-harness/commit/04bab1cbd2eacf8911357f00a4ac09d4069456ba,"必须改代码（新trajectory附件）。/trajectory读取vendored投影；image显示只固定类型
发布包R0：1.2.6基于dsh rc.1，本项新版语义未独立认证。
并行B?：用户本地适配进行中，未推送进度不可见；实施前比对活动分支。",src/client/capabilities.ts；src/client/actions.ts；src/client/transcript.ts,映射统一附件reference/metadata，为TUI给可辨识摘要/外部查看路径,cold/live attachment一致、失效文件、图片限制、无付费推理,P1,00dba96未逐项证明完整支持,"Public file receipts/reference selection and existing images wired; source/service evidence, packaged PTY pending",可信integration串行整合；未知A/C内容未采纳,固定4session成果已交；公共接线由E完成，不再等待停止worker,Independent190 real txt/mp3/mp4 storage hash + mixed text/image/3file actual native prompt/requestId/model fixture reply + durable V4 attachments passed; invalid PNG keeps draft. Reference-modal P2/visible cancellation warning fixed4433deb; final counterexample recheck pending. No native audio/video or SSH semantics claim.,205207c全局候选：241files/2369pass/1既有Clarify skip，typecheck/build/pack55/source-lib23一致；stock生命周期/默认privacy/Hostfiles watch PTY通过。逐项历史证据及未测边界保留；全局门禁不是127项逐项PTY认证。 该行既有记录：4433deb full2181pass1skip/Node24 typecheck/build/pack37/23lib identical/official stock lifecycle passed. Same tarball16cf416b60244e569673550a3862c3fb79f5917274520c6401f0b2fb210e53ab; aggregate gates are not individual feature or cross-platform certification. Same package terminal26 and management17 PTY passed; individual row boundaries remain.,docs/file-public-wiring-2026-09-30.md; .artifacts/file-public-final.log (97); .artifacts/official-child-file-public.log (42); .artifacts/p1-4433deb/candidate.json; .artifacts/final-full-4433deb.log; docs/integration-acceptance-2026-09-30.md; .artifacts/p1-4433deb/terminal-pty.log; .artifacts/p1-4433deb/management-pty.log,"Source/module checks, composed service checks, historical fixed-package PTY and final-package gates are separate. Only explicitly named journeys count as PTY; no inference from total test count."
58,F059 左右diff同步滚动,已发布预发布版0.2.0-rc.2；首见0.1.7-alpha.1；https://github.com/deepseek-ai/deepseek-harness/commit/4960abd4020aff7c4105a34e1853742f16eb5811,"不适用（Web双栏滚动）；已有统一Diff展示。transcript渲染Diff文本而非左右浏览器pane
发布包R0：1.2.6基于dsh rc.1，本项新版语义未独立认证。
并行B?：用户本地适配进行中，未推送进度不可见；实施前比对活动分支。",独立Web或Desktop模块；无直接TUI落点,不复刻同步滚动；如终端宽屏后续双pane仍独立产品增强,当前diff长行/中文对齐、复制与原文本、窄窗reflow,,原矩阵明确终端不适用；部分等价能力按原文保留,终端不适用（按原矩阵具体理由）,可信integration串行整合；未知A/C内容未采纳,固定4session成果已交；公共接线由E完成，不再等待停止worker,不适用（Web双栏滚动）；已有统一Diff展示。transcript渲染Diff文本而非左右浏览器pane,205207c全局候选：241files/2369pass/1既有Clarify skip，typecheck/build/pack55/source-lib23一致；stock生命周期/默认privacy/Hostfiles watch PTY通过。逐项历史证据及未测边界保留；全局门禁不是127项逐项PTY认证。 该行既有记录：4433deb full2181pass1skip/Node24 typecheck/build/pack37/23lib identical/official stock lifecycle passed. Same tarball16cf416b60244e569673550a3862c3fb79f5917274520c6401f0b2fb210e53ab; aggregate gates are not individual feature or cross-platform certification. Same package terminal26 and management17 PTY passed; individual row boundaries remain.,; .artifacts/p1-4433deb/candidate.json; .artifacts/final-full-4433deb.log; docs/integration-acceptance-2026-09-30.md; .artifacts/p1-4433deb/terminal-pty.log; .artifacts/p1-4433deb/management-pty.log,"Source/module checks, composed service checks, historical fixed-package PTY and final-package gates are separate. Only explicitly named journeys count as PTY; no inference from total test count."
59,F060 不支持预览文件也可native打开,"已发布预发布版0.2.0-rc.2；首见0.1.7-alpha.1；https://github.com/deepseek-ai/deepseek-harness/commit/bedcb7b58c0b5a3921ef5e62854e42efa0d4bc6d
https://github.com/deepseek-ai/deepseek-harness/commit/38596d5c70c640be2908f6920eeb86b8aeb8c034
https://github.com/deepseek-ai/deepseek-harness/commit/f717f413da9aadb46113fecfa3726e20a2a908b3
https://github.com/deepseek-ai/deepseek-harness/commit/451e4520434543044f07f30a7778d4a344b7433b
https://github.com/deepseek-ai/deepseek-harness/commit/afadb610083631f8bf52ff036fcdf4b8092bcfde","已原生支持（外部open）；必须核通用文件reference。capabilities.openProducedFile经api.host.openPath，并先UI确认，text read bounded
发布包R0：1.2.6基于dsh rc.1，本项新版语义未独立认证。
并行B?：用户本地适配进行中，未推送进度不可见；实施前比对活动分支。",src/client/capabilities.ts；src/client/actions.ts,支持新native opener与引用解析；未知预览格式仍应允许打开，而非强制文本读取,binary/Excel/路径不存在、权限拒绝、file association、打开失败准确反馈,P1,原矩阵记录旧基线源码已有能力；不等于rc.2逐项运行通过,"Public file receipts/reference selection and existing images wired; source/service evidence, packaged PTY pending",可信integration串行整合；未知A/C内容未采纳,固定4session成果已交；公共接线由E完成，不再等待停止worker,Independent190 real txt/mp3/mp4 storage hash + mixed text/image/3file actual native prompt/requestId/model fixture reply + durable V4 attachments passed; invalid PNG keeps draft. Reference-modal P2/visible cancellation warning fixed4433deb; final counterexample recheck pending. No native audio/video or SSH semantics claim.,205207c全局候选：241files/2369pass/1既有Clarify skip，typecheck/build/pack55/source-lib23一致；stock生命周期/默认privacy/Hostfiles watch PTY通过。逐项历史证据及未测边界保留；全局门禁不是127项逐项PTY认证。 该行既有记录：4433deb full2181pass1skip/Node24 typecheck/build/pack37/23lib identical/official stock lifecycle passed. Same tarball16cf416b60244e569673550a3862c3fb79f5917274520c6401f0b2fb210e53ab; aggregate gates are not individual feature or cross-platform certification. Same package terminal26 and management17 PTY passed; individual row boundaries remain.,docs/file-public-wiring-2026-09-30.md; .artifacts/file-public-final.log (97); .artifacts/official-child-file-public.log (42); .artifacts/p1-4433deb/candidate.json; .artifacts/final-full-4433deb.log; docs/integration-acceptance-2026-09-30.md; .artifacts/p1-4433deb/terminal-pty.log; .artifacts/p1-4433deb/management-pty.log,"Source/module checks, composed service checks, historical fixed-package PTY and final-package gates are separate. Only explicitly named journeys count as PTY; no inference from total test count."
60,F061 交付提示减少正文与卡片重复,已发布预发布版0.2.0-rc.2；首见0.1.7-alpha.1；https://github.com/deepseek-ai/deepseek-harness/commit/e651d00a9fb0d5185ef3bacc876664561a57bb6d,"Host自动获得（模型指令）。TUI不产生官方交付prompt；只渲染assistant和tool artifacts
发布包R0：1.2.6基于dsh rc.1，本项新版语义未独立认证。
并行B?：用户本地适配进行中，未推送进度不可见；实施前比对活动分支。",package.json；cordis.patch.yml；src/client/transcript.ts,沿新官方instructions减少重复；不由前端删模型正文以伪造去重,产物卡与正文不误丢、通用fallback完整、用户复制内容一致,P1,依赖升级允许继承，实际装配/表现仍需核验,Host继承候选；装配/投影回归待E,可信integration串行整合；未知A/C内容未采纳,固定4session成果已交；公共接线由E完成，不再等待停止worker,沿用原矩阵接入方案，补目标Host证据；未证明不标完成,205207c全局候选：241files/2369pass/1既有Clarify skip，typecheck/build/pack55/source-lib23一致；stock生命周期/默认privacy/Hostfiles watch PTY通过。逐项历史证据及未测边界保留；全局门禁不是127项逐项PTY认证。 该行既有记录：4433deb full2181pass1skip/Node24 typecheck/build/pack37/23lib identical/official stock lifecycle passed. Same tarball16cf416b60244e569673550a3862c3fb79f5917274520c6401f0b2fb210e53ab; aggregate gates are not individual feature or cross-platform certification. Same package terminal26 and management17 PTY passed; individual row boundaries remain.,; .artifacts/p1-4433deb/candidate.json; .artifacts/final-full-4433deb.log; docs/integration-acceptance-2026-09-30.md; .artifacts/p1-4433deb/terminal-pty.log; .artifacts/p1-4433deb/management-pty.log,"Source/module checks, composed service checks, historical fixed-package PTY and final-package gates are separate. Only explicitly named journeys count as PTY; no inference from total test count."
61,F062 文件预览自动刷新与watch,已发布预发布版0.2.0-rc.2；首见0.1.7-alpha.1；https://github.com/deepseek-ai/deepseek-harness/commit/29598c7ce917295f660e0d81130139d5bcf8f30f,完整stat/read/readBytes/list/changes；native ready后read、opaqueversion刷新、delete、close/reconnect；unsupported手动。/files/context/artifact公共已接。,src/client/capabilities.ts:1452-1494,如需要preview常开采用官方watch；简单终端列表可turn-end刷新，明确不承诺live watch,编辑后刷新、watch unsupported/删除/权限错误、离开viewer释放订阅,P1,00dba96未逐项证明完整支持,Host 文件watch与公共入口完成；cleanup P2已独立关闭,可信integration串行整合；未知A/C内容未采纳,固定4session原worktree：E公共整合，D审批/语音，S02文件与观察，独立review；无新增窗口,官方SSH watch unsupported时明确manual refresh；未测真实SSH。普通授权path-based读为best-effort；显式strictConfined无原子provider证据零read拒绝，不称根治nativeTOCTOU。,205207c全局候选：241files/2369pass/1既有Clarify skip，typecheck/build/pack55/source-lib23一致；stock生命周期/默认privacy/Hostfiles watch PTY通过。逐项历史证据及未测边界保留；全局门禁不是127项逐项PTY认证。,9e878c6;04ad001;9f05e79; d5acd0c独立无fixture默认stock目录/文本/bytes/watch/Back4/exit0;205207c同包默认watch再验; 候选16a14965908f3068ce74c999d9a9ad280c3ec09e4bc50643677ce0f1acfd7e51,"Source/module checks, composed service checks, historical fixed-package PTY and final-package gates are separate. Only explicitly named journeys count as PTY; no inference from total test count."
62,F063 Session V4与批量迁移,"已发布预发布版0.2.0-rc.2；首见0.1.7-alpha.1；https://github.com/deepseek-ai/deepseek-harness/commit/0fa88d48756a0a05ab6ffc55de0e18faa8a3144f
https://github.com/deepseek-ai/deepseek-harness/commit/a22ac3284d900b6427e20b8adcdb1375882f2554
https://github.com/deepseek-ai/deepseek-harness/commit/05b056f18cdd60263bee833b3f74c30603d29ef2
https://github.com/deepseek-ai/deepseek-harness/commit/ad83cce36ac959d41ef83c333147c3a70392a259
https://github.com/deepseek-ai/deepseek-harness/commit/4f9e0e7840a4e4a64576e8d202f2b87076fe3c45","必须改代码（P0，Session格式/桥/导出）。现有api-compat按旧事件结构、session-export读event.data.message/source/callId、vendor fold；官方latest包SESSION_FORMAT_VERSION=4已核；新增实证：V4 ToolResultMessage喂原样tool-presentation得到content undefined/isError false，见v4-tool-presentation-probe.json；vendor tool.js和session-export同旧content[0]假设
发布包R0：1.2.6基于dsh rc.1，本项新版语义未独立认证。
并行B?：用户本地适配进行中，未推送进度不可见；实施前比对活动分支。",src/host/api-compat.ts；src/host/tool-presentation.ts；src/host/session-export.ts；vendor/ui-conversation/client/conversation-nodes/tool.js,用官方V4 reader/migration和projection，改旧data结构消费；不手工改用户原日志，不承诺downgrade,V3→V4、缺turn/end、fork/subagents/media/custom events、迁移中断与源generation保留、JSON/ZIP/Markdown正确；明确断言V4工具错误status与完整content传给presentResult，失败编辑不进入产物索引,P0,flat tool result与导出已有适配；V4全矩阵未完成,Flat V4/history/migration/export implementation integrated; package descendant journey pending,可信integration串行整合；未知A/C内容未采纳,固定4session成果已交；公共接线由E完成，不再等待停止worker,"Complete final immutable-package acceptance and independent review; retain original row risk requirements. Final4433deb terminal26 includes actual standard-Preset boot, native ZIP canonical V4 with child/image, Markdown and cold resume; other codec branches stay source-test evidence.",205207c全局候选：241files/2369pass/1既有Clarify skip，typecheck/build/pack55/source-lib23一致；stock生命周期/默认privacy/Hostfiles watch PTY通过。逐项历史证据及未测边界保留；全局门禁不是127项逐项PTY认证。 该行既有记录：4433deb full2181pass1skip/Node24 typecheck/build/pack37/23lib identical/official stock lifecycle passed. Same tarball16cf416b60244e569673550a3862c3fb79f5917274520c6401f0b2fb210e53ab; aggregate gates are not individual feature or cross-platform certification. Same package terminal26 and management17 PTY passed; individual row boundaries remain.,a5c0bac; b751b75; ca5c627; tests/native-session-migration-export.test.js; .artifacts/p1-4433deb/candidate.json; .artifacts/final-full-4433deb.log; docs/integration-acceptance-2026-09-30.md; .artifacts/p1-4433deb/terminal-pty.log; .artifacts/p1-4433deb/management-pty.log,"Source/module checks, composed service checks, historical fixed-package PTY and final-package gates are separate. Only explicitly named journeys count as PTY; no inference from total test count."
63,F064 压缩保留输出预算与64K余量,已发布预发布版0.2.0-rc.2；首见0.1.7-alpha.1；https://github.com/deepseek-ai/deepseek-harness/commit/bc45bd821a63619c39a4cf0686d94743093cd990,"Host自动获得（compaction逻辑）；必须回归统计/事件。/compact走Host；TUI只呈现相关命令/投影
发布包R0：1.2.6基于dsh rc.1，本项新版语义未独立认证。
并行B?：用户本地适配进行中，未推送进度不可见；实施前比对活动分支。",package.json；cordis.patch.yml,继承输出预算与64K余量，按新projection显示上下文而非旧UI估算,长输出不overflow、compact失败清晰、cancel/retry、压缩后history/统计一致,P1,依赖升级允许继承，实际装配/表现仍需核验,原版Host合同/可信integration整合；不再等待已停止worker，具体语义未单独认证,可信integration串行整合；未知A/C内容未采纳,固定4session成果已交；公共接线由E完成，不再等待停止worker,Native rc.2 remains execution/persistence owner. Final stock/full-suite coverage does not certify this individual engine feature; keep the original risk/plan boundary.,205207c全局候选：241files/2369pass/1既有Clarify skip，typecheck/build/pack55/source-lib23一致；stock生命周期/默认privacy/Hostfiles watch PTY通过。逐项历史证据及未测边界保留；全局门禁不是127项逐项PTY认证。 该行既有记录：4433deb full2181pass1skip/Node24 typecheck/build/pack37/23lib identical/official stock lifecycle passed. Same tarball16cf416b60244e569673550a3862c3fb79f5917274520c6401f0b2fb210e53ab; aggregate gates are not individual feature or cross-platform certification. Same package terminal26 and management17 PTY passed; individual row boundaries remain.,; .artifacts/p1-4433deb/candidate.json; .artifacts/final-full-4433deb.log; docs/integration-acceptance-2026-09-30.md; .artifacts/p1-4433deb/terminal-pty.log; .artifacts/p1-4433deb/management-pty.log,"Source/module checks, composed service checks, historical fixed-package PTY and final-package gates are separate. Only explicitly named journeys count as PTY; no inference from total test count."
64,F065 自定义事件附件发现收紧,已发布预发布版0.2.0-rc.2；首见0.1.7-alpha.1；https://github.com/deepseek-ai/deepseek-harness/commit/bfcfc9ed2fcfdb576992ff762b47a442f5c06e11,"Host自动获得(需P0兼容完成)。ZIP导出使用官方session-log-export，附件未自建持久层；Markdown导出仅呈现识别的对话事件；基线 37fc3d0：[src/host/session-export.ts:7](https://github.com/Hilbert-beinghappy/seektty/blob/37fc3d0678a81ddef4f0bb0da215df21572d552c/src/host/session-export.ts#L7)；[src/host/attachment-compat.ts:1](https://github.com/Hilbert-beinghappy/seektty/blob/37fc3d0678a81ddef4f0bb0da215df21572d552c/src/host/attachment-compat.ts#L1)
发布包R0：1.2.6基于dsh rc.1，本项新版语义未独立认证。
并行B?：用户本地适配进行中，未推送进度不可见；实施前比对活动分支。",src/host/session-export.ts:7；src/host/attachment-compat.ts:1,跟随官方声明式attachment carriers，检查自定义插件event content声明；不要在TUI恢复任意对象递归扫描,自定义事件含附件/不含声明、后代会话ZIP与图片重放，验证不漏声明项、不导出未授权引用,P1,依赖升级允许继承，实际装配/表现仍需核验,Canonical flat V4 message data.content attachment discovery integrated; unknown extensions are not forged into attachments,可信integration串行整合；未知A/C内容未采纳,固定4session成果已交；公共接线由E完成，不再等待停止worker,Final candidate regression and original feature-specific risk boundaries apply; whole-suite/stock pass is not per-feature inference or cross-platform proof.,205207c全局候选：241files/2369pass/1既有Clarify skip，typecheck/build/pack55/source-lib23一致；stock生命周期/默认privacy/Hostfiles watch PTY通过。逐项历史证据及未测边界保留；全局门禁不是127项逐项PTY认证。 该行既有记录：4433deb full2181pass1skip/Node24 typecheck/build/pack37/23lib identical/official stock lifecycle passed. Same tarball16cf416b60244e569673550a3862c3fb79f5917274520c6401f0b2fb210e53ab; aggregate gates are not individual feature or cross-platform certification. Same package terminal26 and management17 PTY passed; individual row boundaries remain.,13beac45; tests/artifact-view.test.ts; tests/file-public-wiring.test.js; .artifacts/p1-4433deb/candidate.json; .artifacts/final-full-4433deb.log; docs/integration-acceptance-2026-09-30.md; .artifacts/p1-4433deb/terminal-pty.log; .artifacts/p1-4433deb/management-pty.log,"Source/module checks, composed service checks, historical fixed-package PTY and final-package gates are separate. Only explicitly named journeys count as PTY; no inference from total test count."
65,F066 会话菜单扩展API,已发布预发布版0.2.0-rc.2；首见0.1.7-alpha.1；https://github.com/deepseek-ai/deepseek-harness/commit/bc2c9bd11ab13834134faceef2d3467460141cca,官方 sidebar.workspaces.session.menu.item 是React slot，没有官方Host action descriptor目录。新增seekttyExtensions由普通CordisLoader加载；目标sessionId/displayTitle、registrationrevision/卸载/queued及inflight目标失效守卫。,src/client/context-action-registry.ts:1；src/client/context-actions.ts:1,把适用于终端的官方session-row action描述投影进现有registry，保留目标sessionId和disabledReason；无终端表示的slot不强搬,多插件动作顺序/重复id/未知slot/子会话目标隔离；不把整个会话菜单判定缺失,P2,00dba96未逐项证明完整支持,React slot部分终端N/A；显式可加载terminal Session extension实现,可信integration串行整合；未知A/C内容未采纳,固定4session原worktree：E公共整合，D审批/语音，S02文件与观察，独立review；无新增窗口,不能自动执行Web React组件；插件需显式terminal注册。真实Loader/OverlayQueue排队目标失效零dispatch P2已独立闭环，非Hostdescriptor自动兼容。,205207c全局候选：241files/2369pass/1既有Clarify skip，typecheck/build/pack55/source-lib23一致；stock生命周期/默认privacy/Hostfiles watch PTY通过。逐项历史证据及未测边界保留；全局门禁不是127项逐项PTY认证。,0269d7b;356c857;独立实际Loader/TUI/OverlayQueue10checks;tests/terminal-extensions-public.test.ts; 候选16a14965908f3068ce74c999d9a9ad280c3ec09e4bc50643677ce0f1acfd7e51,"Source/module checks, composed service checks, historical fixed-package PTY and final-package gates are separate. Only explicitly named journeys count as PTY; no inference from total test count."
66,F067 普通Bash空justification允许,已发布预发布版0.2.0-rc.2；首见0.1.7-alpha.1；https://github.com/deepseek-ai/deepseek-harness/commit/8cf9c0eded2fb48ccc352c9d31936997e69b1975,"Host自动获得(需P0兼容完成)。Bash由官方Host执行，TUI仅展示tool call与审批；基线 37fc3d0：[src/host/tool-presentation.ts:1](https://github.com/Hilbert-beinghappy/seektty/blob/37fc3d0678a81ddef4f0bb0da215df21572d552c/src/host/tool-presentation.ts#L1)；[src/host/native-interactions.ts:3](https://github.com/Hilbert-beinghappy/seektty/blob/37fc3d0678a81ddef4f0bb0da215df21572d552c/src/host/native-interactions.ts#L3)
发布包R0：1.2.6基于dsh rc.1，本项新版语义未独立认证。
并行B?：用户本地适配进行中，未推送进度不可见；实施前比对活动分支。",src/host/tool-presentation.ts:1；src/host/native-interactions.ts:3,不在TUI额外强制普通Bash justification非空；保留提权审批reason显示和Host校验,普通无提权空reason成功；提权缺reason被Host拒绝；审批取消不执行,P1,依赖升级允许继承，实际装配/表现仍需核验,Host继承候选；装配/投影回归待E,可信integration串行整合；未知A/C内容未采纳,固定4session成果已交；公共接线由E完成，不再等待停止worker,沿用原矩阵接入方案，补目标Host证据；未证明不标完成,205207c全局候选：241files/2369pass/1既有Clarify skip，typecheck/build/pack55/source-lib23一致；stock生命周期/默认privacy/Hostfiles watch PTY通过。逐项历史证据及未测边界保留；全局门禁不是127项逐项PTY认证。 该行既有记录：4433deb full2181pass1skip/Node24 typecheck/build/pack37/23lib identical/official stock lifecycle passed. Same tarball16cf416b60244e569673550a3862c3fb79f5917274520c6401f0b2fb210e53ab; aggregate gates are not individual feature or cross-platform certification. Same package terminal26 and management17 PTY passed; individual row boundaries remain.,; .artifacts/p1-4433deb/candidate.json; .artifacts/final-full-4433deb.log; docs/integration-acceptance-2026-09-30.md; .artifacts/p1-4433deb/terminal-pty.log; .artifacts/p1-4433deb/management-pty.log,"Source/module checks, composed service checks, historical fixed-package PTY and final-package gates are separate. Only explicitly named journeys count as PTY; no inference from total test count."
67,F068 设置导航可滚动,已发布预发布版0.2.0-rc.2；首见0.1.7-alpha.1；https://github.com/deepseek-ai/deepseek-harness/commit/8d6245bcc8073778c0e365d1e2afa479edb29cf0,"已原生支持(终端等价)。Settings用可滚动/过滤的终端overlay导航，不受上游CSS overflow问题约束；基线 37fc3d0：[src/client/overlays.ts:1](https://github.com/Hilbert-beinghappy/seektty/blob/37fc3d0678a81ddef4f0bb0da215df21572d552c/src/client/overlays.ts#L1)；[src/client/actions.ts:78](https://github.com/Hilbert-beinghappy/seektty/blob/37fc3d0678a81ddef4f0bb0da215df21572d552c/src/client/actions.ts#L78)
发布包R0：1.2.6基于dsh rc.1，本项新版语义未独立认证。
并行B?：用户本地适配进行中，未推送进度不可见；实施前比对活动分支。",src/client/overlays.ts:1；src/client/actions.ts:78,回归小终端和长目录即可，无需复制Web CSS补丁,24行及更短终端、长schema、键盘/鼠标滚动，选中项不被footer遮住,,原矩阵记录旧基线源码已有能力；不等于rc.2逐项运行通过,既有TUI能力；新版回归待E,可信integration串行整合；未知A/C内容未采纳,固定4session成果已交；公共接线由E完成，不再等待停止worker,沿用原矩阵接入方案，补目标Host证据；未证明不标完成,205207c全局候选：241files/2369pass/1既有Clarify skip，typecheck/build/pack55/source-lib23一致；stock生命周期/默认privacy/Hostfiles watch PTY通过。逐项历史证据及未测边界保留；全局门禁不是127项逐项PTY认证。 该行既有记录：4433deb full2181pass1skip/Node24 typecheck/build/pack37/23lib identical/official stock lifecycle passed. Same tarball16cf416b60244e569673550a3862c3fb79f5917274520c6401f0b2fb210e53ab; aggregate gates are not individual feature or cross-platform certification. Same package terminal26 and management17 PTY passed; individual row boundaries remain.,; .artifacts/p1-4433deb/candidate.json; .artifacts/final-full-4433deb.log; docs/integration-acceptance-2026-09-30.md; .artifacts/p1-4433deb/terminal-pty.log; .artifacts/p1-4433deb/management-pty.log,"Source/module checks, composed service checks, historical fixed-package PTY and final-package gates are separate. Only explicitly named journeys count as PTY; no inference from total test count."
68,F069 bundle支持有序patch列表,已发布预发布版0.2.0-rc.2；首见0.1.7-alpha.1；https://github.com/deepseek-ai/deepseek-harness/commit/654caa4bbd691dc86f168ed7f744eebdbfa32f08,"必须改代码（P0合法patch数组会被旧manager误判）。官方dsh原生reconciliation负责安装，但本地inspection类型patch为string且validPatch按单path解析；基线 37fc3d0：[src/host/profile-plugin-manager.ts:207](https://github.com/Hilbert-beinghappy/seektty/blob/37fc3d0678a81ddef4f0bb0da215df21572d552c/src/host/profile-plugin-manager.ts#L207)；[src/host/profile-plugin-manager.ts:71](https://github.com/Hilbert-beinghappy/seektty/blob/37fc3d0678a81ddef4f0bb0da215df21572d552c/src/host/profile-plugin-manager.ts#L71)
发布包R0：1.2.6基于dsh rc.1，本项新版语义未独立认证。
并行B?：用户本地适配进行中，未推送进度不可见；实施前比对活动分支。",src/host/profile-plugin-manager.ts:207,将诊断模型正规化string或string[]并逐文件顺序验证；保持SeekTTY自身单patch合法，装载仍委托官方,双patch顺序、空列表/坏路径/其中缺失、旧单patch回归；exportsPatch false会使reconcile从bundle顺序移除，必须防止把合法数组bundle误删,P0,string/array逐路径检查已有适配；保序/reconcile边界待A,Ordered native patch arrays handled by trusted integration; scalar/list/malformed gates tested,可信integration串行整合；未知A/C内容未采纳,固定4session成果已交；公共接线由E完成，不再等待停止worker,Final candidate regression and original feature-specific risk boundaries apply; whole-suite/stock pass is not per-feature inference or cross-platform proof.,205207c全局候选：241files/2369pass/1既有Clarify skip，typecheck/build/pack55/source-lib23一致；stock生命周期/默认privacy/Hostfiles watch PTY通过。逐项历史证据及未测边界保留；全局门禁不是127项逐项PTY认证。 该行既有记录：4433deb full2181pass1skip/Node24 typecheck/build/pack37/23lib identical/official stock lifecycle passed. Same tarball16cf416b60244e569673550a3862c3fb79f5917274520c6401f0b2fb210e53ab; aggregate gates are not individual feature or cross-platform certification. Same package terminal26 and management17 PTY passed; individual row boundaries remain.,tests/profile-plugin-snapshot.test.ts; tests/package-contract.test.ts; .artifacts/p1-4433deb/candidate.json; .artifacts/final-full-4433deb.log; docs/integration-acceptance-2026-09-30.md; .artifacts/p1-4433deb/terminal-pty.log; .artifacts/p1-4433deb/management-pty.log,"Source/module checks, composed service checks, historical fixed-package PTY and final-package gates are separate. Only explicitly named journeys count as PTY; no inference from total test count."
69,F070 Remote双向流与二进制结果,"已发布预发布版0.2.0-rc.2；首见0.1.7-alpha.1；https://github.com/deepseek-ai/deepseek-harness/commit/068cf0344156d9413875390ea2468e2f9771fa93
https://github.com/deepseek-ai/deepseek-harness/commit/eaf0f68bb2eb1701b2fa13d6f1457da43aeffa4c
https://github.com/deepseek-ai/deepseek-harness/commit/7eb9629e0a6a255d5fd2a9ff6115f9dc41c54ebe","必须改代码。保留的RPC/stream carrier与旧API合同已编入lib，普通单向session控制已有实现；基线 37fc3d0：[src/host/in-process.ts:1](https://github.com/Hilbert-beinghappy/seektty/blob/37fc3d0678a81ddef4f0bb0da215df21572d552c/src/host/in-process.ts#L1)；[src/host/native-api-dispatch.ts:1](https://github.com/Hilbert-beinghappy/seektty/blob/37fc3d0678a81ddef4f0bb0da215df21572d552c/src/host/native-api-dispatch.ts#L1)；[vendor/api-gateway/client/index.js:1](https://github.com/Hilbert-beinghappy/seektty/blob/37fc3d0678a81ddef4f0bb0da215df21572d552c/vendor/api-gateway/client/index.js#L1)
发布包R0：1.2.6基于dsh rc.1，本项新版语义未独立认证。
并行B?：用户本地适配进行中，未推送进度不可见；实施前比对活动分支。",src/host/in-process.ts:1；src/host/native-api-dispatch.ts:1；vendor/api-gateway/client/index.js:1,核对新Remote duplex/uplink与binary codecs；有需要的终端动作使用官方新gateway语义，job roster迁移不要保留旧activity假镜像,上传二进制、workspace readBytes、双向取消、backpressure、cancel retention bounded；旧vendor不会随Host自动更新,P0,00dba96未逐项证明完整支持,Native retained stream contracts and bounded readiness/queue/output handling integrated,可信integration串行整合；未知A/C内容未采纳,固定4session成果已交；公共接线由E完成，不再等待停止worker,Final candidate regression and original feature-specific risk boundaries apply; whole-suite/stock pass is not per-feature inference or cross-platform proof.,205207c全局候选：241files/2369pass/1既有Clarify skip，typecheck/build/pack55/source-lib23一致；stock生命周期/默认privacy/Hostfiles watch PTY通过。逐项历史证据及未测边界保留；全局门禁不是127项逐项PTY认证。 该行既有记录：4433deb full2181pass1skip/Node24 typecheck/build/pack37/23lib identical/official stock lifecycle passed. Same tarball16cf416b60244e569673550a3862c3fb79f5917274520c6401f0b2fb210e53ab; aggregate gates are not individual feature or cross-platform certification. Same package terminal26 and management17 PTY passed; individual row boundaries remain.,ca5c627; 2d1ff6e; tests/vendor-connection-readiness.test.js; .artifacts/p1-4433deb/candidate.json; .artifacts/final-full-4433deb.log; docs/integration-acceptance-2026-09-30.md; .artifacts/p1-4433deb/terminal-pty.log; .artifacts/p1-4433deb/management-pty.log,"Source/module checks, composed service checks, historical fixed-package PTY and final-package gates are separate. Only explicitly named journeys count as PTY; no inference from total test count."
70,F071 工作区列表分批展开与运行项可见,已发布预发布版0.2.0-rc.2；首见0.1.7-alpha.1；https://github.com/deepseek-ai/deepseek-harness/commit/e8f3d02da8b60b084690fd36a94de9c87525b61b,"已原生支持(运行会话/滚动);必须改代码(若引入分批目录)。已有root过滤、运行状态、子agent树与列表overlay；不是上游WorkspaceBrowser组件；基线 37fc3d0：[src/client/root-session-catalog.ts:1](https://github.com/Hilbert-beinghappy/seektty/blob/37fc3d0678a81ddef4f0bb0da215df21572d552c/src/client/root-session-catalog.ts#L1)；[src/client/agent-tree.ts:1](https://github.com/Hilbert-beinghappy/seektty/blob/37fc3d0678a81ddef4f0bb0da215df21572d552c/src/client/agent-tree.ts#L1)；[src/client/actions.ts:504](https://github.com/Hilbert-beinghappy/seektty/blob/37fc3d0678a81ddef4f0bb0da215df21572d552c/src/client/actions.ts#L504)
发布包R0：1.2.6基于dsh rc.1，本项新版语义未独立认证。
并行B?：用户本地适配进行中，未推送进度不可见；实施前比对活动分支。",src/client/root-session-catalog.ts:1；src/client/agent-tree.ts:1；src/client/actions.ts:504,保留当前列表交互，按真实大workspace测量决定是否分批展开；保证running项始终可达，不能直接套Web list状态,1k会话、多workspace、展开/收起/运行项迁移、选择锚点和延迟加载正确,P1,原矩阵记录旧基线源码已有能力；不等于rc.2逐项运行通过,Existing flat directory/AgentTree expansion retained; no unmeasured workspace rewrite,可信integration串行整合；未知A/C内容未采纳,固定4session成果已交；公共接线由E完成，不再等待停止worker,Actual large-workspace PTY latency measurement remains unrun. Source large-directory/discovery tests do not establish frame latency; running Sessions remain reachable.,205207c全局候选：241files/2369pass/1既有Clarify skip，typecheck/build/pack55/source-lib23一致；stock生命周期/默认privacy/Hostfiles watch PTY通过。逐项历史证据及未测边界保留；全局门禁不是127项逐项PTY认证。 该行既有记录：4433deb full2181pass1skip/Node24 typecheck/build/pack37/23lib identical/official stock lifecycle passed. Same tarball16cf416b60244e569673550a3862c3fb79f5917274520c6401f0b2fb210e53ab; aggregate gates are not individual feature or cross-platform certification. Same package terminal26 and management17 PTY passed; individual row boundaries remain.,; .artifacts/p1-4433deb/candidate.json; .artifacts/final-full-4433deb.log; docs/integration-acceptance-2026-09-30.md; .artifacts/p1-4433deb/terminal-pty.log; .artifacts/p1-4433deb/management-pty.log,"Source/module checks, composed service checks, historical fixed-package PTY and final-package gates are separate. Only explicitly named journeys count as PTY; no inference from total test count."
71,F072 设置显示当前版本,已发布预发布版0.2.0-rc.2；首见0.1.7-alpha.1；https://github.com/deepseek-ai/deepseek-harness/commit/2c233c64f03ab2f3c65ea64c4c7eaa77cdc9b25a,"已原生支持(诊断事实);必须改代码(设置页展示等价)。诊断facts包含Host/Node版本，launcher可显示SeekTTY版本；当前不是上游设置页version row；基线 37fc3d0：[src/client/capabilities.ts:144](https://github.com/Hilbert-beinghappy/seektty/blob/37fc3d0678a81ddef4f0bb0da215df21572d552c/src/client/capabilities.ts#L144)；[src/client/actions.ts:464](https://github.com/Hilbert-beinghappy/seektty/blob/37fc3d0678a81ddef4f0bb0da215df21572d552c/src/client/actions.ts#L464)；[src/dsh-compat.ts:186](https://github.com/Hilbert-beinghappy/seektty/blob/37fc3d0678a81ddef4f0bb0da215df21572d552c/src/dsh-compat.ts#L186)
发布包R0：1.2.6基于dsh rc.1，本项新版语义未独立认证。
并行B?：用户本地适配进行中，未推送进度不可见；实施前比对活动分支。",src/client/capabilities.ts:144；src/client/actions.ts:464；src/dsh-compat.ts:186,如要体验等价，在现有Settings/doctor复用三元版本(SeekTTY/Host/tested)；不要让预览包同版本号掩盖commit差异,真实CLI版本而非0.0.1占位；已发布1.2.6与main rc.3说明必须区分,P1,原矩阵记录旧基线源码已有能力；不等于rc.2逐项运行通过,Existing /doctor and /status expose Host/SeekTTY/tested versions; Settings layout equivalence not claimed,可信integration串行整合；未知A/C内容未采纳,固定4session成果已交；公共接线由E完成，不再等待停止worker,Final candidate regression and original feature-specific risk boundaries apply; whole-suite/stock pass is not per-feature inference or cross-platform proof.,205207c全局候选：241files/2369pass/1既有Clarify skip，typecheck/build/pack55/source-lib23一致；stock生命周期/默认privacy/Hostfiles watch PTY通过。逐项历史证据及未测边界保留；全局门禁不是127项逐项PTY认证。 该行既有记录：4433deb full2181pass1skip/Node24 typecheck/build/pack37/23lib identical/official stock lifecycle passed. Same tarball16cf416b60244e569673550a3862c3fb79f5917274520c6401f0b2fb210e53ab; aggregate gates are not individual feature or cross-platform certification. Same package terminal26 and management17 PTY passed; individual row boundaries remain.,src/client/actions.ts doctor/status; src/client/capabilities.ts headerFacts; src/dsh-compat.ts; .artifacts/p1-4433deb/candidate.json; .artifacts/final-full-4433deb.log; docs/integration-acceptance-2026-09-30.md; .artifacts/p1-4433deb/terminal-pty.log; .artifacts/p1-4433deb/management-pty.log,"Source/module checks, composed service checks, historical fixed-package PTY and final-package gates are separate. Only explicitly named journeys count as PTY; no inference from total test count."
72,F073 首次自动默认工作区与语言无关路径,"已发布预发布版0.2.0-rc.2；首见0.1.7-alpha.1；https://github.com/deepseek-ai/deepseek-harness/commit/27fa7ed9ff267170f31a0e91134c86bb2f7ea795
https://github.com/deepseek-ai/deepseek-harness/commit/655534d009fbf682e31cdf944d16d3265497b2ea","已原生支持(终端cwd启动);Host自动获得(默认目录)。默认按启动cwd创建/连接workspace与blank session，resume走官方已有会话；非Desktop welcome自动目录；基线 37fc3d0：[src/client/client-runtime.ts:132](https://github.com/Hilbert-beinghappy/seektty/blob/37fc3d0678a81ddef4f0bb0da215df21572d552c/src/client/client-runtime.ts#L132)
发布包R0：1.2.6基于dsh rc.1，本项新版语义未独立认证。
并行B?：用户本地适配进行中，未推送进度不可见；实施前比对活动分支。",src/client/client-runtime.ts:132,保留cwd-first终端语义；无cwd/使用官方默认目录时委托workspace-controller；不按UI语言拼物理路径,中英locale相同物理目录、空profile首启、已有workspace不重复、resume不误建新会话,P1,原矩阵记录旧基线源码已有能力；不等于rc.2逐项运行通过,既有TUI能力；新版回归待E,可信integration串行整合；未知A/C内容未采纳,固定4session成果已交；公共接线由E完成，不再等待停止worker,沿用原矩阵接入方案，补目标Host证据；未证明不标完成,205207c全局候选：241files/2369pass/1既有Clarify skip，typecheck/build/pack55/source-lib23一致；stock生命周期/默认privacy/Hostfiles watch PTY通过。逐项历史证据及未测边界保留；全局门禁不是127项逐项PTY认证。 该行既有记录：4433deb full2181pass1skip/Node24 typecheck/build/pack37/23lib identical/official stock lifecycle passed. Same tarball16cf416b60244e569673550a3862c3fb79f5917274520c6401f0b2fb210e53ab; aggregate gates are not individual feature or cross-platform certification. Same package terminal26 and management17 PTY passed; individual row boundaries remain.,; .artifacts/p1-4433deb/candidate.json; .artifacts/final-full-4433deb.log; docs/integration-acceptance-2026-09-30.md; .artifacts/p1-4433deb/terminal-pty.log; .artifacts/p1-4433deb/management-pty.log,"Source/module checks, composed service checks, historical fixed-package PTY and final-package gates are separate. Only explicitly named journeys count as PTY; no inference from total test count."
73,F074 volatile配置、HMR和Schema导出,"已发布预发布版0.2.0-rc.2；首见0.1.7-alpha.1；https://github.com/deepseek-ai/deepseek-harness/commit/3f7016a4226777b2898eb1919f1527ab9915bbcd
https://github.com/deepseek-ai/deepseek-harness/commit/4eb26f0e71712cddbd1a3bc673dbacf07cdd0407
https://github.com/deepseek-ai/deepseek-harness/commit/8c146d978fef1874747b03d9580db1b56d09212f
https://github.com/deepseek-ai/deepseek-harness/commit/3366973eeac79e598c23d16f1abfe0b0ec79bee0","必须改代码(Settings/Config);Host自动获得(工具schema)。设置bridge依赖旧Settings服务；patch有意关闭HMR，dynamic工具目录可显示Host新schema；基线 37fc3d0：[src/host/management.ts:554](https://github.com/Hilbert-beinghappy/seektty/blob/37fc3d0678a81ddef4f0bb0da215df21572d552c/src/host/management.ts#L554)；[src/protocol.ts:1](https://github.com/Hilbert-beinghappy/seektty/blob/37fc3d0678a81ddef4f0bb0da215df21572d552c/src/protocol.ts#L1)；[cordis.patch.yml:1](https://github.com/Hilbert-beinghappy/seektty/blob/37fc3d0678a81ddef4f0bb0da215df21572d552c/cordis.patch.yml#L1)
发布包R0：1.2.6基于dsh rc.1，本项新版语义未独立认证。
并行B?：用户本地适配进行中，未推送进度不可见；实施前比对活动分支。",src/host/management.ts:554；src/protocol.ts:1；cordis.patch.yml:1,迁移volatile Config投影和watcher，核对本Bundle可编辑字段的volatile声明；保留关闭HMR定制，不擅自启用；dump schema是Host CLI能力,保存不重载/需要重启边界、非法schema回退、配置Watcher事件、无旧settings文件双写,P0,五Settings插件volatile Config与profile patch持久化已适配,Known fields individually volatile; native writer preserves unknown ordinary config; source integrated; individual package boundaries below,可信integration串行整合；未知A/C内容未采纳,固定4session成果已交；公共接线由E完成，不再等待停止worker,"Complete final immutable-package acceptance and independent review; retain original row risk requirements. Final4433deb management17 includes actual mounted Settings save/reset, custom Provider create/discover/edit/routing/delete and Profile persistence; not every multi-instance/race branch is PTY-tested.",205207c全局候选：241files/2369pass/1既有Clarify skip，typecheck/build/pack55/source-lib23一致；stock生命周期/默认privacy/Hostfiles watch PTY通过。逐项历史证据及未测边界保留；全局门禁不是127项逐项PTY认证。 该行既有记录：4433deb full2181pass1skip/Node24 typecheck/build/pack37/23lib identical/official stock lifecycle passed. Same tarball16cf416b60244e569673550a3862c3fb79f5917274520c6401f0b2fb210e53ab; aggregate gates are not individual feature or cross-platform certification. Same package terminal26 and management17 PTY passed; individual row boundaries remain.,tests/settings-known-fields.test.js; .artifacts/p1-4433deb/candidate.json; .artifacts/final-full-4433deb.log; docs/integration-acceptance-2026-09-30.md; .artifacts/p1-4433deb/terminal-pty.log; .artifacts/p1-4433deb/management-pty.log,"Source/module checks, composed service checks, historical fixed-package PTY and final-package gates are separate. Only explicitly named journeys count as PTY; no inference from total test count."
74,F075 工作过程分组与显示模式,"已发布预发布版0.2.0-rc.2；首见0.1.7-alpha.1；https://github.com/deepseek-ai/deepseek-harness/commit/b173fe1c19b2aaa42515ef0990e697899f48135e
https://github.com/deepseek-ai/deepseek-harness/commit/37535cf44a7637c6f77b0e9a878f174dc7b2fdea
https://github.com/deepseek-ai/deepseek-harness/commit/85f16860f5441ddbf9746ad0ca7f2e4bfb3236be
https://github.com/deepseek-ai/deepseek-harness/commit/a68c1f6539b0454591c1e68207d6419373b52f08
https://github.com/deepseek-ai/deepseek-harness/commit/b09dd9482799642f687a6bd30b375cd1e832fa14
https://github.com/deepseek-ai/deepseek-harness/commit/c76217a3566680ea844969c14d065439077d2ebb
https://github.com/deepseek-ai/deepseek-harness/commit/80fad723f64f8d28904dba1de79077569ed37a02","必须改代码(专门显示模式);已有终端定制。已有tool visibility、reasoning、fold、行数限制与native/full两套终端行为，非上游work-process枚举；基线 37fc3d0：[src/client/behavior.ts:1](https://github.com/Hilbert-beinghappy/seektty/blob/37fc3d0678a81ddef4f0bb0da215df21572d552c/src/client/behavior.ts#L1)；[src/client/transcript.ts:1](https://github.com/Hilbert-beinghappy/seektty/blob/37fc3d0678a81ddef4f0bb0da215df21572d552c/src/client/transcript.ts#L1)；[src/protocol.ts:1](https://github.com/Hilbert-beinghappy/seektty/blob/37fc3d0678a81ddef4f0bb0da215df21572d552c/src/protocol.ts#L1)
发布包R0：1.2.6基于dsh rc.1，本项新版语义未独立认证。
并行B?：用户本地适配进行中，未推送进度不可见；实施前比对活动分支。",src/client/behavior.ts:1；src/client/transcript.ts:1；src/protocol.ts:1,先明确是否映射compact/standard/detailed/verbose到现有显示参数；支持新增process/progress节点但保留终端用户偏好，不直接改默认,running progress、旧normal映射、工具卡/理由展开与复制、theme/native/full无闪烁；0.2 npm默认不能混同GitHub默认,P1,00dba96未逐项证明完整支持,Public four-mode Settings/CAS/action/group/disclosure/search wiring implemented over native published rc.2 process projections; source integrated; individual package boundaries below,可信integration串行整合；未知A/C内容未采纳,固定4session成果已交；公共接线由E完成，不再等待停止worker,"Final unified package; narrow/interleaved/unknown extension are source-test boundaries, not PTY; performance measurement not claimed.",205207c全局候选：241files/2369pass/1既有Clarify skip，typecheck/build/pack55/source-lib23一致；stock生命周期/默认privacy/Hostfiles watch PTY通过。逐项历史证据及未测边界保留；全局门禁不是127项逐项PTY认证。 该行既有记录：4433deb full2181pass1skip/Node24 typecheck/build/pack37/23lib identical/official stock lifecycle passed. Same tarball16cf416b60244e569673550a3862c3fb79f5917274520c6401f0b2fb210e53ab; aggregate gates are not individual feature or cross-platform certification. Same package terminal26 and management17 PTY passed; individual row boundaries remain.,tests/work-process-public.test.js; .artifacts/work-process-public-final.log; vendor/ui-chat-process/provenance.json; docs/f075-public-wiring-2026-09-30.md; .artifacts/p1-4433deb/candidate.json; .artifacts/final-full-4433deb.log; docs/integration-acceptance-2026-09-30.md; .artifacts/p1-4433deb/terminal-pty.log; .artifacts/p1-4433deb/management-pty.log,"Source/module checks, composed service checks, historical fixed-package PTY and final-package gates are separate. Only explicitly named journeys count as PTY; no inference from total test count."
75,F076 pi-ai大型流式参数CPU阻塞修复,已发布预发布版0.2.0-rc.2；首见0.1.7-alpha.1；https://github.com/deepseek-ai/deepseek-harness/commit/a0f59aac40eb87c6ae297979102602da91bd68c6,"Host自动获得(需P0兼容完成)。Host pi-ai生成流交给NativeAssistantStream；TUI只按delta累积；基线 37fc3d0：[src/client/native-assistant-stream.ts:107](https://github.com/Hilbert-beinghappy/seektty/blob/37fc3d0678a81ddef4f0bb0da215df21572d552c/src/client/native-assistant-stream.ts#L107)；[src/host/api-compat.ts:241](https://github.com/Hilbert-beinghappy/seektty/blob/37fc3d0678a81ddef4f0bb0da215df21572d552c/src/host/api-compat.ts#L241)
发布包R0：1.2.6基于dsh rc.1，本项新版语义未独立认证。
并行B?：用户本地适配进行中，未推送进度不可见；实施前比对活动分支。",src/client/native-assistant-stream.ts:107；src/host/api-compat.ts:241,跟随官方pi-ai解析性能修复，另量测本地PartialAccumulator/呈现是否仍全量parse，不重复实现adapter,大tool arguments流的CPU/event-loop/输入延迟；参数最终完整，chunk gap恢复,P1,依赖升级允许继承，实际装配/表现仍需核验,Host继承候选；装配/投影回归待E,可信integration串行整合；未知A/C内容未采纳,固定4session成果已交；公共接线由E完成，不再等待停止worker,沿用原矩阵接入方案，补目标Host证据；未证明不标完成,205207c全局候选：241files/2369pass/1既有Clarify skip，typecheck/build/pack55/source-lib23一致；stock生命周期/默认privacy/Hostfiles watch PTY通过。逐项历史证据及未测边界保留；全局门禁不是127项逐项PTY认证。 该行既有记录：4433deb full2181pass1skip/Node24 typecheck/build/pack37/23lib identical/official stock lifecycle passed. Same tarball16cf416b60244e569673550a3862c3fb79f5917274520c6401f0b2fb210e53ab; aggregate gates are not individual feature or cross-platform certification. Same package terminal26 and management17 PTY passed; individual row boundaries remain.,; .artifacts/p1-4433deb/candidate.json; .artifacts/final-full-4433deb.log; docs/integration-acceptance-2026-09-30.md; .artifacts/p1-4433deb/terminal-pty.log; .artifacts/p1-4433deb/management-pty.log,"Source/module checks, composed service checks, historical fixed-package PTY and final-package gates are separate. Only explicitly named journeys count as PTY; no inference from total test count."
76,F077 输入插件扩展hooks,已发布预发布版0.2.0-rc.2；首见0.1.7-alpha.1；https://github.com/deepseek-ai/deepseek-harness/commit/21d2c8b948703ba8d1fe6607691970dd0b28c09d,复用PromptEditor selection/caret、monotonicdraftRev、WeakMap一次capture、单undo、busy/disposed/Session隔离；输出只插稿不自动发送。,src/client/surface.ts:1；src/client/client-runtime.ts:1；tsdown.config.ts:1,仅给适用终端的输入动作加轻量描述/调用hook adapter；UI-only组件不渲染；清楚区分submit、draft、取消权限,插件插入文本、attachment、draft generation、session切换、失效hook不重复提交,P2,00dba96未逐项证明完整支持,可加载terminal input activity及selection/draftRevision/undo门禁实现,可信integration串行整合；未知A/C内容未采纳,固定4session原worktree：E公共整合，D审批/语音，S02文件与观察，独立review；无新增窗口,React DOM配置/录音组件不自动渲染；真实麦克风不在WAV-only路径。真实PromptEditor与pluginload/capture/ABA/undo/卸载回归过，非全Webhook布局兼容。,205207c全局候选：241files/2369pass/1既有Clarify skip，typecheck/build/pack55/source-lib23一致；stock生命周期/默认privacy/Hostfiles watch PTY通过。逐项历史证据及未测边界保留；全局门禁不是127项逐项PTY认证。,0269d7b;tests/terminal-input-extensions.test.ts;tests/terminal-extensions-public.test.ts;tests/wav-speech-public.test.js; 候选16a14965908f3068ce74c999d9a9ad280c3ec09e4bc50643677ce0f1acfd7e51,"Source/module checks, composed service checks, historical fixed-package PTY and final-package gates are separate. Only explicitly named journeys count as PTY; no inference from total test count."
77,F078 后台jobs统一环形输出和人工停止,"已发布预发布版0.2.0-rc.2；首见0.1.7-alpha.1；https://github.com/deepseek-ai/deepseek-harness/commit/35a02e16586a911ecfaea7f82ba5441b5ddfc460
https://github.com/deepseek-ai/deepseek-harness/commit/4b54e59a52e4c07e8b4c1d186f2ed8d33d72d6c8
https://github.com/deepseek-ai/deepseek-harness/commit/a294fc55d042f7f6361c489f51a00f59ca523dc1","必须改代码(新job roster);已有/jobs。已有/jobs、人工stop和旧session jobs基线，不是完全缺后台任务；Host registry.kill用旧签名；基线 37fc3d0：[src/client/job-control.ts:38](https://github.com/Hilbert-beinghappy/seektty/blob/37fc3d0678a81ddef4f0bb0da215df21572d552c/src/client/job-control.ts#L38)；[src/client/capabilities.ts:1501](https://github.com/Hilbert-beinghappy/seektty/blob/37fc3d0678a81ddef4f0bb0da215df21572d552c/src/client/capabilities.ts#L1501)；[src/host/api-compat.ts:197](https://github.com/Hilbert-beinghappy/seektty/blob/37fc3d0678a81ddef4f0bb0da215df21572d552c/src/host/api-compat.ts#L197)
发布包R0：1.2.6基于dsh rc.1，本项新版语义未独立认证。
并行B?：用户本地适配进行中，未推送进度不可见；实施前比对活动分支。",src/client/job-control.ts:38；src/client/capabilities.ts:1501；src/host/api-compat.ts:197,迁移job-controller/roster/统一JobSpec与输出cursor，核对human kill权限/签名；不再追旧activity plane,长期输出ring截断、job完成唤醒owner、stop already-finished、session切换、workflow后台、未知结果不重复kill,P0,独立jobs controller基线已接入；环形输出/停止组合待核,Host jobs remain native; terminal native-tail cleanup is bounded and independently reviewed,可信integration串行整合；未知A/C内容未采纳,固定4session成果已交；公共接线由E完成，不再等待停止worker,Final candidate regression and original feature-specific risk boundaries apply; whole-suite/stock pass is not per-feature inference or cross-platform proof.,205207c全局候选：241files/2369pass/1既有Clarify skip，typecheck/build/pack55/source-lib23一致；stock生命周期/默认privacy/Hostfiles watch PTY通过。逐项历史证据及未测边界保留；全局门禁不是127项逐项PTY认证。 该行既有记录：4433deb full2181pass1skip/Node24 typecheck/build/pack37/23lib identical/official stock lifecycle passed. Same tarball16cf416b60244e569673550a3862c3fb79f5917274520c6401f0b2fb210e53ab; aggregate gates are not individual feature or cross-platform certification. Same package terminal26 and management17 PTY passed; individual row boundaries remain.,4936d5d; tests/native-tail-exit.test.ts; 190c601 full suite; .artifacts/p1-4433deb/candidate.json; .artifacts/final-full-4433deb.log; docs/integration-acceptance-2026-09-30.md; .artifacts/p1-4433deb/terminal-pty.log; .artifacts/p1-4433deb/management-pty.log,"Source/module checks, composed service checks, historical fixed-package PTY and final-package gates are separate. Only explicitly named journeys count as PTY; no inference from total test count."
78,F079 Creator持久插件开发和渐进式技能,"已发布预发布版0.2.0-rc.2；首见0.1.6-alpha.2；https://github.com/deepseek-ai/deepseek-harness/commit/7520fe94e1444b8c0a37038b074fbb937a881620
https://github.com/deepseek-ai/deepseek-harness/commit/d7d099c7ebaebef0be41e8cb5650afc9f25dd2c8
https://github.com/deepseek-ai/deepseek-harness/commit/8c146d978fef1874747b03d9580db1b56d09212f
https://github.com/deepseek-ai/deepseek-harness/commit/1b87a2a88927a72a84f9a5254e8b2b7a891d42be
https://github.com/deepseek-ai/deepseek-harness/commit/b13bbc027cccb7aa80ec36ce9c8bceee44acefa9
https://github.com/deepseek-ai/deepseek-harness/commit/d1255ab1a4f2388aabe1a98164205275617b5da2
https://github.com/deepseek-ai/deepseek-harness/commit/c81adc2569d151b1ff03b4e19eda91259de16043
https://github.com/deepseek-ai/deepseek-harness/commit/4aa207c5fec7762b839fc627993733706dee96c3
https://github.com/deepseek-ai/deepseek-harness/commit/3c9c18c9fe07ff8ac8acf4d153b91d71e06f9ab2
https://github.com/deepseek-ai/deepseek-harness/commit/8665142fd38fc235abd295b65d251f6a7240e84d
https://github.com/deepseek-ai/deepseek-harness/commit/f756097108d1fc69f71bae1ee3c6114e5ae40b12
https://github.com/deepseek-ai/deepseek-harness/commit/d495b2e5f26a7a4810d43efbe11ed67222a9e0e3",完整官方cordis preset+tool-cordis/host+packageDir技能+native plugin_manager；默认standard/PTC管理仍disabled。真实Include/Profile/ToolRuntime测试读配置/权限拒绝/持久写与重启恢复。,src/client/capabilities.ts:710；src/host/profile-plugin-manager.ts:1；src/host/tool-presentation.ts:1,完成官方plugin-manager/声明式preset迁移后，优先沿用通用目录；专门Creator入口按实际使用再加，不在TUI复制插件开发Agent逻辑,新插件持久化/重启reconcile、渐进skill目录、旧preset迁移、禁止把临时define当永久安装,P2,依赖升级允许继承，实际装配/表现仍需核验,官方Creator完整cordis preset显式opt-in已交付,可信integration串行整合；未知A/C内容未采纳,固定4session原worktree：E公共整合，D审批/语音，S02文件与观察，独立review；无新增窗口,独立同包native companion安装及/mode cordis PTY已过，standard/PTC管理默认未扩权；未跑真实npm安装工具或付费模型。,205207c全局候选：241files/2369pass/1既有Clarify skip，typecheck/build/pack55/source-lib23一致；stock生命周期/默认privacy/Hostfiles watch PTY通过。逐项历史证据及未测边界保留；全局门禁不是127项逐项PTY认证。,40123d1;optional/creator.patch.yml;tests/creator-host.test.js;父端6f29d05同包Creator真实CLI/PTY; 候选16a14965908f3068ce74c999d9a9ad280c3ec09e4bc50643677ce0f1acfd7e51,"Source/module checks, composed service checks, historical fixed-package PTY and final-package gates are separate. Only explicitly named journeys count as PTY; no inference from total test count."
79,F080 turn取消原因正确记录,已发布预发布版0.2.0-rc.2；首见0.1.7-alpha.1；https://github.com/deepseek-ai/deepseek-harness/commit/e4fbb92570c2785bc97c3f34b7ac516190bb05db,"Host自动获得(需P0兼容完成)。cancel委托官方session Remote，显示瞬态与durable分离；基线 37fc3d0：[src/client/capabilities.ts:386](https://github.com/Hilbert-beinghappy/seektty/blob/37fc3d0678a81ddef4f0bb0da215df21572d552c/src/client/capabilities.ts#L386)；[src/client/native-assistant-stream.ts:85](https://github.com/Hilbert-beinghappy/seektty/blob/37fc3d0678a81ddef4f0bb0da215df21572d552c/src/client/native-assistant-stream.ts#L85)；[src/host/native-api-dispatch.ts:37](https://github.com/Hilbert-beinghappy/seektty/blob/37fc3d0678a81ddef4f0bb0da215df21572d552c/src/host/native-api-dispatch.ts#L37)
发布包R0：1.2.6基于dsh rc.1，本项新版语义未独立认证。
并行B?：用户本地适配进行中，未推送进度不可见；实施前比对活动分支。",src/client/capabilities.ts:386；src/client/native-assistant-stream.ts:85；src/host/native-api-dispatch.ts:37,消费官方准确cancel reason，必要时增加展示label，不自行重写turn/cancel持久事件,用户cancel、timeout、shutdown不同reason，重连/恢复后一致且不伪造成功,P1,依赖升级允许继承，实际装配/表现仍需核验,Host继承候选；装配/投影回归待E,可信integration串行整合；未知A/C内容未采纳,固定4session成果已交；公共接线由E完成，不再等待停止worker,沿用原矩阵接入方案，补目标Host证据；未证明不标完成,205207c全局候选：241files/2369pass/1既有Clarify skip，typecheck/build/pack55/source-lib23一致；stock生命周期/默认privacy/Hostfiles watch PTY通过。逐项历史证据及未测边界保留；全局门禁不是127项逐项PTY认证。 该行既有记录：4433deb full2181pass1skip/Node24 typecheck/build/pack37/23lib identical/official stock lifecycle passed. Same tarball16cf416b60244e569673550a3862c3fb79f5917274520c6401f0b2fb210e53ab; aggregate gates are not individual feature or cross-platform certification. Same package terminal26 and management17 PTY passed; individual row boundaries remain.,; .artifacts/p1-4433deb/candidate.json; .artifacts/final-full-4433deb.log; docs/integration-acceptance-2026-09-30.md; .artifacts/p1-4433deb/terminal-pty.log; .artifacts/p1-4433deb/management-pty.log,"Source/module checks, composed service checks, historical fixed-package PTY and final-package gates are separate. Only explicitly named journeys count as PTY; no inference from total test count."
80,F081 Host inspect单次注册与Client超时,"已发布预发布版0.2.0-rc.2；首见0.1.7-alpha.1；https://github.com/deepseek-ai/deepseek-harness/commit/4aba48ec03134c9dce78d9262263189b5a748244
https://github.com/deepseek-ai/deepseek-harness/commit/6bb3d8becfb39d7ea0d566d7ae769d1597c12c4a","Host自动获得(Host注册);必须核对retained Client。使用同process桥接和保留ConnectionController；不直接采用新版所有inspect query实现；基线 37fc3d0：[src/host/in-process.ts:1](https://github.com/Hilbert-beinghappy/seektty/blob/37fc3d0678a81ddef4f0bb0da215df21572d552c/src/host/in-process.ts#L1)；[src/compat/client-connection.ts:1](https://github.com/Hilbert-beinghappy/seektty/blob/37fc3d0678a81ddef4f0bb0da215df21572d552c/src/compat/client-connection.ts#L1)；[vendor/client-connection/client/connection.js:1](https://github.com/Hilbert-beinghappy/seektty/blob/37fc3d0678a81ddef4f0bb0da215df21572d552c/vendor/client-connection/client/connection.js#L1)
发布包R0：1.2.6基于dsh rc.1，本项新版语义未独立认证。
并行B?：用户本地适配进行中，未推送进度不可见；实施前比对活动分支。",src/host/in-process.ts:1；src/compat/client-connection.ts:1；vendor/client-connection/client/connection.js:1,跟进Host单次注册；对TUI实际inspect/RPC加deadline和诊断，修readiness超时错误成功，避免把新Client超时修复视为自动覆盖vendor,重复attach、inspect无响应、取消/重连/迟到响应、保留失败原因且UI不中断,P1,依赖升级允许继承，实际装配/表现仍需核验,Describe and both streams share readiness deadline; stop/restart isolation tested,可信integration串行整合；未知A/C内容未采纳,固定4session成果已交；公共接线由E完成，不再等待停止worker,Complete final immutable-package acceptance and independent review; retain original row risk requirements.,205207c全局候选：241files/2369pass/1既有Clarify skip，typecheck/build/pack55/source-lib23一致；stock生命周期/默认privacy/Hostfiles watch PTY通过。逐项历史证据及未测边界保留；全局门禁不是127项逐项PTY认证。 该行既有记录：4433deb full2181pass1skip/Node24 typecheck/build/pack37/23lib identical/official stock lifecycle passed. Same tarball16cf416b60244e569673550a3862c3fb79f5917274520c6401f0b2fb210e53ab; aggregate gates are not individual feature or cross-platform certification. Same package terminal26 and management17 PTY passed; individual row boundaries remain.,b751b75; tests/vendor-connection-readiness.test.js; .artifacts/p1-4433deb/candidate.json; .artifacts/final-full-4433deb.log; docs/integration-acceptance-2026-09-30.md; .artifacts/p1-4433deb/terminal-pty.log; .artifacts/p1-4433deb/management-pty.log,"Source/module checks, composed service checks, historical fixed-package PTY and final-package gates are separate. Only explicitly named journeys count as PTY; no inference from total test count."
81,F082 Windows沙箱删除范围及ACL诊断修复,"已发布预发布版0.2.0-rc.2；首见0.1.7-alpha.1；https://github.com/deepseek-ai/deepseek-harness/commit/eb7d3af91ce0c5aaa3df0d1e62f4900ea4d4371c
https://github.com/deepseek-ai/deepseek-harness/commit/eb1a903a450e72f280e8abb457091488ae9646a7
https://github.com/deepseek-ai/deepseek-harness/commit/7cecc72cae6994a27a619a1e9c99d292592ce882","Host自动获得(修复);待稳定(Windows人工ACL)。安全执行与sandbox由Host拥有，TUI负责审批/错误显示；基线 37fc3d0：[src/host/native-interactions.ts:3](https://github.com/Hilbert-beinghappy/seektty/blob/37fc3d0678a81ddef4f0bb0da215df21572d552c/src/host/native-interactions.ts#L3)；[src/host/management.ts:1](https://github.com/Hilbert-beinghappy/seektty/blob/37fc3d0678a81ddef4f0bb0da215df21572d552c/src/host/management.ts#L1)；[src/client/error-advice.ts:1](https://github.com/Hilbert-beinghappy/seektty/blob/37fc3d0678a81ddef4f0bb0da215df21572d552c/src/client/error-advice.ts#L1)
发布包R0：1.2.6基于dsh rc.1，本项新版语义未独立认证。
并行B?：用户本地适配进行中，未推送进度不可见；实施前比对活动分支。",src/host/native-interactions.ts:3；src/host/management.ts:1；src/client/error-advice.ts:1,保持官方sandbox授权语义；可展示ACL诊断skill，但不自动扩大granted root、不擅自自动修权限,Windows删除越界/符号链接/ACL失败、用户授权与撤销、备份恢复；讨论中仍有反馈，不声称全修好,P2,依赖升级允许继承，实际装配/表现仍需核验,Host继承候选；装配/投影回归待E,可信integration串行整合；未知A/C内容未采纳,固定4session成果已交；公共接线由E完成，不再等待停止worker,沿用原矩阵接入方案，补目标Host证据；未证明不标完成,205207c全局候选：241files/2369pass/1既有Clarify skip，typecheck/build/pack55/source-lib23一致；stock生命周期/默认privacy/Hostfiles watch PTY通过。逐项历史证据及未测边界保留；全局门禁不是127项逐项PTY认证。 该行既有记录：4433deb full2181pass1skip/Node24 typecheck/build/pack37/23lib identical/official stock lifecycle passed. Same tarball16cf416b60244e569673550a3862c3fb79f5917274520c6401f0b2fb210e53ab; aggregate gates are not individual feature or cross-platform certification. Same package terminal26 and management17 PTY passed; individual row boundaries remain.,; .artifacts/p1-4433deb/candidate.json; .artifacts/final-full-4433deb.log; docs/integration-acceptance-2026-09-30.md; .artifacts/p1-4433deb/terminal-pty.log; .artifacts/p1-4433deb/management-pty.log,"Source/module checks, composed service checks, historical fixed-package PTY and final-package gates are separate. Only explicitly named journeys count as PTY; no inference from total test count."
82,F083 可选本地SenseVoice语音输入,"已发布预发布版0.2.0-rc.2；首见0.1.7-alpha.1；https://github.com/deepseek-ai/deepseek-harness/commit/2cbf8df484c4be1fc9751397bbf6919b8c137cbc
https://github.com/deepseek-ai/deepseek-harness/commit/1c96299173cd1a91dcca3fb455d91518d551262b
https://github.com/deepseek-ai/deepseek-harness/commit/108f767a89e3da2526cdb637eaadbd0909acb70b
https://github.com/deepseek-ai/deepseek-harness/commit/752953d2b6d0304838bd36220d6f5c1fc90e5edb
https://github.com/deepseek-ai/deepseek-harness/commit/a5309122f4cf2ed67e75ebdff3e526162230ce95
https://github.com/deepseek-ai/deepseek-harness/commit/647a787a99e534427e6cfa131b7a11a1f3a003db",/speech wav→exact六speechdescriptor/Gateway；显式准备/资源提示/转写/结果审查及插稿确认；boundedWAV临时清理/取消unknown/late抑制，复用原capture/draftRev/selection/undo。,src/client/provider-onboarding.ts:1；src/client/surface.ts:1；src/client/clipboard.ts:1,先保持可选插件，不默认安装大模型或桌面权限；若明确要终端语音，再设计host录音/转写命令与状态/取消adapter,下载镜像/离线/无mic权限/中途取消、语言持久化；终端无mic控件不等于Host没有语音,P2,00dba96未逐项证明完整支持,公开WAV-only语音入口实现；真实restricted Cordis Context修复,可信integration串行整合；未知A/C内容未采纳,固定4session原worktree：E公共整合，D审批/语音，S02文件与观察，独立review；无新增窗口,voice-input-bundle需显式安装；WAV consent/准备/转写/审核插draft可达。真实ASR/模型下载/CPU准确率/麦克风OS权限未验，且实时mic捕获未实现；不声称MP3/MP4转写。独立同一16a149…7e51包公开WAV PTY已过：官方Loader/API/Gateway+inert recognizer，取消迟到不插draft，无模型调用。,205207c全局候选：241files/2369pass/1既有Clarify skip，typecheck/build/pack55/source-lib23一致；stock生命周期/默认privacy/Hostfiles watch PTY通过。逐项历史证据及未测边界保留；全局门禁不是127项逐项PTY认证。,a656bed;43e96ca;b53f7be;205207c;真实兄弟service/consumer injectedContext回归5pass，原getter负对照throws; 候选16a14965908f3068ce74c999d9a9ad280c3ec09e4bc50643677ce0f1acfd7e51,"Source/module checks, composed service checks, historical fixed-package PTY and final-package gates are separate. Only explicitly named journeys count as PTY; no inference from total test count."
83,F084 浏览器只读电子表格预览,"已发布预发布版0.2.0-rc.2；首见0.1.7-alpha.1；https://github.com/deepseek-ai/deepseek-harness/commit/22da6932017e3cf2577adf15687cd08a87a0e1f4
https://github.com/deepseek-ai/deepseek-harness/commit/5b4ca4a29e4daafebe8c4bfebbaa3e57f2a8905e
https://github.com/deepseek-ai/deepseek-harness/commit/b47cef687e68958ba56739b1250b4c4f3b420d87
https://github.com/deepseek-ai/deepseek-harness/commit/34a0a8e81d180b12bbbdca120d0c103da74d04a8
https://github.com/deepseek-ai/deepseek-harness/commit/d3c5f959aacab8e6f6dd5f00d74d11951fb71d0a
https://github.com/deepseek-ai/deepseek-harness/commit/dd004b4221db366866973cdabfdb26eba3640fad
https://github.com/deepseek-ai/deepseek-harness/commit/219db5454aa444234c759ca1990462596367cac1
https://github.com/deepseek-ai/deepseek-harness/commit/896c81d79697c0f5061a56331593dcf3928b54c4","不适用(Web专用预览);已有外部打开路径。有交付文件列表与官方open-path/app交接，不是浏览器sheet grid；基线 37fc3d0：[src/client/produced-files.ts:1](https://github.com/Hilbert-beinghappy/seektty/blob/37fc3d0678a81ddef4f0bb0da215df21572d552c/src/client/produced-files.ts#L1)；[src/host/app-handoff.ts:1](https://github.com/Hilbert-beinghappy/seektty/blob/37fc3d0678a81ddef4f0bb0da215df21572d552c/src/host/app-handoff.ts#L1)；[src/client/actions.ts:177](https://github.com/Hilbert-beinghappy/seektty/blob/37fc3d0678a81ddef4f0bb0da215df21572d552c/src/client/actions.ts#L177)
发布包R0：1.2.6基于dsh rc.1，本项新版语义未独立认证。
并行B?：用户本地适配进行中，未推送进度不可见；实施前比对活动分支。",src/client/produced-files.ts:1；src/host/app-handoff.ts:1；src/client/actions.ts:177,不要在TUI重写Excel浏览器；按需提供明确外部预览入口，复用官方文件读取/权限,XLS/XLSX/CSV不可预览时打开方式；不宣称终端支持公式/worksheet交互,,原矩阵明确终端不适用；部分等价能力按原文保留,终端不适用（按原矩阵具体理由）,可信integration串行整合；未知A/C内容未采纳,固定4session成果已交；公共接线由E完成，不再等待停止worker,不适用(Web专用预览);已有外部打开路径。有交付文件列表与官方open-path/app交接，不是浏览器sheet grid；基线 37fc3d0：[src/client/produced-files.ts:1](https://github.com/Hilbert-beinghappy/seektty/blob/37fc3d0678a81ddef4f0bb0da215df21572d552c/src/client/produced-files.ts#L1)；[src/host/app-handoff.ts:1](https://github.com/Hilbert-beinghappy/seektty/blob/37fc3d0678a81ddef4f0bb0da215df21572d552c/src/host/app-handoff.ts#L1)；[src/client/actions.ts:177](https://github.com/Hilbert-beinghappy/seektty/blob/37fc3d0678a81ddef4f0bb0da215df21572d552c/src/client/actions.ts#L177),205207c全局候选：241files/2369pass/1既有Clarify skip，typecheck/build/pack55/source-lib23一致；stock生命周期/默认privacy/Hostfiles watch PTY通过。逐项历史证据及未测边界保留；全局门禁不是127项逐项PTY认证。 该行既有记录：4433deb full2181pass1skip/Node24 typecheck/build/pack37/23lib identical/official stock lifecycle passed. Same tarball16cf416b60244e569673550a3862c3fb79f5917274520c6401f0b2fb210e53ab; aggregate gates are not individual feature or cross-platform certification. Same package terminal26 and management17 PTY passed; individual row boundaries remain.,; .artifacts/p1-4433deb/candidate.json; .artifacts/final-full-4433deb.log; docs/integration-acceptance-2026-09-30.md; .artifacts/p1-4433deb/terminal-pty.log; .artifacts/p1-4433deb/management-pty.log,"Source/module checks, composed service checks, historical fixed-package PTY and final-package gates are separate. Only explicitly named journeys count as PTY; no inference from total test count."
84,F085 Agent Presets改为声明式插件组合,"已发布预发布版0.2.0-rc.2；首见0.1.7-alpha.1；https://github.com/deepseek-ai/deepseek-harness/commit/d1e22a7e247060496e1acdba9ef3be1700e23ec7
https://github.com/deepseek-ai/deepseek-harness/commit/1b87a2a88927a72a84f9a5254e8b2b7a891d42be
https://github.com/deepseek-ai/deepseek-harness/commit/3d6d46b8a69762ff2fe570da42ab263c4680a09b","必须改代码(P0)。仍依赖旧dsh-agent-presets及copy/deletePreset/目录入口；list/select/read已存在对应UI；基线 37fc3d0：[src/host/native-api-dispatch.ts:77](https://github.com/Hilbert-beinghappy/seektty/blob/37fc3d0678a81ddef4f0bb0da215df21572d552c/src/host/native-api-dispatch.ts#L77)；[src/client/agent-preset-copy.ts:1](https://github.com/Hilbert-beinghappy/seektty/blob/37fc3d0678a81ddef4f0bb0da215df21572d552c/src/client/agent-preset-copy.ts#L1)；[cordis.patch.yml:1](https://github.com/Hilbert-beinghappy/seektty/blob/37fc3d0678a81ddef4f0bb0da215df21572d552c/cordis.patch.yml#L1)
发布包R0：1.2.6基于dsh rc.1，本项新版语义未独立认证。
并行B?：用户本地适配进行中，未推送进度不可见；实施前比对活动分支。",src/host/native-api-dispatch.ts:77；src/client/agent-preset-copy.ts:1；cordis.patch.yml:1,迁移registry+agent-preset声明组合；保留新版list/select及后来恢复的只读read；撤换copy/delete/目录编辑为原生plugin/配置工作流，清理旧patch注入,现有preset选择、读详情、session恢复、旧目录迁移、copy按钮不可调用已删Remote；不误称list/select/read全删,P0,原生registry/acquireScope已适配；旧schema与虚构字段待B/C,"Native Preset roster/read through real carrier tested, no invented fields",可信integration串行整合；未知A/C内容未采纳,固定4session成果已交；公共接线由E完成，不再等待停止worker,"Complete final immutable-package acceptance and independent review; retain original row risk requirements. Final4433deb terminal26 includes actual standard-Preset boot, native ZIP canonical V4 with child/image, Markdown and cold resume; other codec branches stay source-test evidence.",205207c全局候选：241files/2369pass/1既有Clarify skip，typecheck/build/pack55/source-lib23一致；stock生命周期/默认privacy/Hostfiles watch PTY通过。逐项历史证据及未测边界保留；全局门禁不是127项逐项PTY认证。 该行既有记录：4433deb full2181pass1skip/Node24 typecheck/build/pack37/23lib identical/official stock lifecycle passed. Same tarball16cf416b60244e569673550a3862c3fb79f5917274520c6401f0b2fb210e53ab; aggregate gates are not individual feature or cross-platform certification. Same package terminal26 and management17 PTY passed; individual row boundaries remain.,b751b75; ca5c627; tests/native-projection-domains.test.js; .artifacts/p1-4433deb/candidate.json; .artifacts/final-full-4433deb.log; docs/integration-acceptance-2026-09-30.md; .artifacts/p1-4433deb/terminal-pty.log; .artifacts/p1-4433deb/management-pty.log,"Source/module checks, composed service checks, historical fixed-package PTY and final-package gates are separate. Only explicitly named journeys count as PTY; no inference from total test count."
85,F086 系统打开菜单mac去重,已发布预发布版0.2.0-rc.2；首见0.1.7-alpha.1；https://github.com/deepseek-ai/deepseek-harness/commit/f33b604ca29d5e082a2f66a7a4b054a6e59b5d7a,"不适用(原生应用菜单去重);Host自动获得。TUI走Host openPath/交接，不实现macOS原生应用枚举菜单；基线 37fc3d0：[src/host/app-handoff.ts:1](https://github.com/Hilbert-beinghappy/seektty/blob/37fc3d0678a81ddef4f0bb0da215df21572d552c/src/host/app-handoff.ts#L1)；[src/client/capabilities.ts:1485](https://github.com/Hilbert-beinghappy/seektty/blob/37fc3d0678a81ddef4f0bb0da215df21572d552c/src/client/capabilities.ts#L1485)
发布包R0：1.2.6基于dsh rc.1，本项新版语义未独立认证。
并行B?：用户本地适配进行中，未推送进度不可见；实施前比对活动分支。",src/host/app-handoff.ts:1；src/client/capabilities.ts:1485,沿用Host dedup效果，终端如新增选择器再消费官方去重结果,同app多发现来源不重复，默认打开失败可见,,原矩阵明确终端不适用；部分等价能力按原文保留,终端不适用（按原矩阵具体理由）,可信integration串行整合；未知A/C内容未采纳,固定4session成果已交；公共接线由E完成，不再等待停止worker,不适用(原生应用菜单去重);Host自动获得。TUI走Host openPath/交接，不实现macOS原生应用枚举菜单；基线 37fc3d0：[src/host/app-handoff.ts:1](https://github.com/Hilbert-beinghappy/seektty/blob/37fc3d0678a81ddef4f0bb0da215df21572d552c/src/host/app-handoff.ts#L1)；[src/client/capabilities.ts:1485](https://github.com/Hilbert-beinghappy/seektty/blob/37fc3d0678a81ddef4f0bb0da215df21572d552c/src/client/capabilities.ts#L1485),205207c全局候选：241files/2369pass/1既有Clarify skip，typecheck/build/pack55/source-lib23一致；stock生命周期/默认privacy/Hostfiles watch PTY通过。逐项历史证据及未测边界保留；全局门禁不是127项逐项PTY认证。 该行既有记录：4433deb full2181pass1skip/Node24 typecheck/build/pack37/23lib identical/official stock lifecycle passed. Same tarball16cf416b60244e569673550a3862c3fb79f5917274520c6401f0b2fb210e53ab; aggregate gates are not individual feature or cross-platform certification. Same package terminal26 and management17 PTY passed; individual row boundaries remain.,; .artifacts/p1-4433deb/candidate.json; .artifacts/final-full-4433deb.log; docs/integration-acceptance-2026-09-30.md; .artifacts/p1-4433deb/terminal-pty.log; .artifacts/p1-4433deb/management-pty.log,"Source/module checks, composed service checks, historical fixed-package PTY and final-package gates are separate. Only explicitly named journeys count as PTY; no inference from total test count."
86,F087 Settings由profile Config投影替代文件provider,已发布预发布版0.2.0-rc.2；首见0.1.7-alpha.1；https://github.com/deepseek-ai/deepseek-harness/commit/601d6761e49b2d93762332cffb832b95bda22f52,"必须改代码(P0)。当前Settings注册/namespace与旧服务布局，多个命名空间已硬编码专门编辑器；revision/secret保护已实现；基线 37fc3d0：[src/host/management.ts:7](https://github.com/Hilbert-beinghappy/seektty/blob/37fc3d0678a81ddef4f0bb0da215df21572d552c/src/host/management.ts#L7)；[src/host/index.ts:1](https://github.com/Hilbert-beinghappy/seektty/blob/37fc3d0678a81ddef4f0bb0da215df21572d552c/src/host/index.ts#L1)；[src/protocol.ts:1](https://github.com/Hilbert-beinghappy/seektty/blob/37fc3d0678a81ddef4f0bb0da215df21572d552c/src/protocol.ts#L1)；[cordis.patch.yml:1](https://github.com/Hilbert-beinghappy/seektty/blob/37fc3d0678a81ddef4f0bb0da215df21572d552c/cordis.patch.yml#L1)
发布包R0：1.2.6基于dsh rc.1，本项新版语义未独立认证。
并行B?：用户本地适配进行中，未推送进度不可见；实施前比对活动分支。",src/host/management.ts:7；src/host/index.ts:1；src/protocol.ts:1；cordis.patch.yml:1,迁移profile Config投影、entry id namespace、仅volatile可写；官方一次性导入旧settings.yaml；专门Provider/theme/locale/TUI editors更新地址，禁止双存储,revision CAS、secret redaction、partial write、旧文件一次迁移、多个同plugin entry、reload/watch和恢复,P0,五Settings Config已适配；旧settings.yaml迁移未验收,Five native Settings plugins use field-scoped volatility; instance/CAS/unknown fields tested,可信integration串行整合；未知A/C内容未采纳,固定4session成果已交；公共接线由E完成，不再等待停止worker,"Complete final immutable-package acceptance and independent review; retain original row risk requirements. Final4433deb management17 includes actual mounted Settings save/reset, custom Provider create/discover/edit/routing/delete and Profile persistence; not every multi-instance/race branch is PTY-tested.",205207c全局候选：241files/2369pass/1既有Clarify skip，typecheck/build/pack55/source-lib23一致；stock生命周期/默认privacy/Hostfiles watch PTY通过。逐项历史证据及未测边界保留；全局门禁不是127项逐项PTY认证。 该行既有记录：4433deb full2181pass1skip/Node24 typecheck/build/pack37/23lib identical/official stock lifecycle passed. Same tarball16cf416b60244e569673550a3862c3fb79f5917274520c6401f0b2fb210e53ab; aggregate gates are not individual feature or cross-platform certification. Same package terminal26 and management17 PTY passed; individual row boundaries remain.,tests/settings-known-fields.test.js; tests/provider-write-guard.test.js; tests/provider-instances.test.js; .artifacts/p1-4433deb/candidate.json; .artifacts/final-full-4433deb.log; docs/integration-acceptance-2026-09-30.md; .artifacts/p1-4433deb/terminal-pty.log; .artifacts/p1-4433deb/management-pty.log,"Source/module checks, composed service checks, historical fixed-package PTY and final-package gates are separate. Only explicitly named journeys count as PTY; no inference from total test count."
87,F088 文档与图片统一缩放,"已发布预发布版0.2.0-rc.2；首见0.1.7-alpha.1；https://github.com/deepseek-ai/deepseek-harness/commit/f65c15a5cf406465742f6ab7ba1fdad91fda3ead
https://github.com/deepseek-ai/deepseek-harness/commit/fb8bb16345fabf0a9f6d380dc997dac9602d9b24","不适用(Web文档缩放)。终端已有文件交接，没有PDF/office tab画布；基线 37fc3d0：[src/client/produced-files.ts:1](https://github.com/Hilbert-beinghappy/seektty/blob/37fc3d0678a81ddef4f0bb0da215df21572d552c/src/client/produced-files.ts#L1)；[src/host/app-handoff.ts:1](https://github.com/Hilbert-beinghappy/seektty/blob/37fc3d0678a81ddef4f0bb0da215df21572d552c/src/host/app-handoff.ts#L1)
发布包R0：1.2.6基于dsh rc.1，本项新版语义未独立认证。
并行B?：用户本地适配进行中，未推送进度不可见；实施前比对活动分支。",src/client/produced-files.ts:1；src/host/app-handoff.ts:1,复用外部官方预览，勿为终端造pinch/zoom系统,交接目标与文件路径正确；GUI zoom留官方验收,,原矩阵明确终端不适用；部分等价能力按原文保留,终端不适用（按原矩阵具体理由）,可信integration串行整合；未知A/C内容未采纳,固定4session成果已交；公共接线由E完成，不再等待停止worker,不适用(Web文档缩放)。终端已有文件交接，没有PDF/office tab画布；基线 37fc3d0：[src/client/produced-files.ts:1](https://github.com/Hilbert-beinghappy/seektty/blob/37fc3d0678a81ddef4f0bb0da215df21572d552c/src/client/produced-files.ts#L1)；[src/host/app-handoff.ts:1](https://github.com/Hilbert-beinghappy/seektty/blob/37fc3d0678a81ddef4f0bb0da215df21572d552c/src/host/app-handoff.ts#L1),205207c全局候选：241files/2369pass/1既有Clarify skip，typecheck/build/pack55/source-lib23一致；stock生命周期/默认privacy/Hostfiles watch PTY通过。逐项历史证据及未测边界保留；全局门禁不是127项逐项PTY认证。 该行既有记录：4433deb full2181pass1skip/Node24 typecheck/build/pack37/23lib identical/official stock lifecycle passed. Same tarball16cf416b60244e569673550a3862c3fb79f5917274520c6401f0b2fb210e53ab; aggregate gates are not individual feature or cross-platform certification. Same package terminal26 and management17 PTY passed; individual row boundaries remain.,; .artifacts/p1-4433deb/candidate.json; .artifacts/final-full-4433deb.log; docs/integration-acceptance-2026-09-30.md; .artifacts/p1-4433deb/terminal-pty.log; .artifacts/p1-4433deb/management-pty.log,"Source/module checks, composed service checks, historical fixed-package PTY and final-package gates are separate. Only explicitly named journeys count as PTY; no inference from total test count."
88,F089 桌面DevTools快捷入口,已发布预发布版0.2.0-rc.2；首见0.1.7-alpha.1；https://github.com/deepseek-ai/deepseek-harness/commit/8b993f43e0807dbe438473d62c58dcfdd2e59b55,"不适用(Electron DevTools)。SeekTTY是终端Bundle，不带Electron窗口；基线 37fc3d0：[src/client/help.ts:1](https://github.com/Hilbert-beinghappy/seektty/blob/37fc3d0678a81ddef4f0bb0da215df21572d552c/src/client/help.ts#L1)；[src/bin.ts:1](https://github.com/Hilbert-beinghappy/seektty/blob/37fc3d0678a81ddef4f0bb0da215df21572d552c/src/bin.ts#L1)
发布包R0：1.2.6基于dsh rc.1，本项新版语义未独立认证。
并行B?：用户本地适配进行中，未推送进度不可见；实施前比对活动分支。",src/client/help.ts:1；src/bin.ts:1,不移植DevTools快捷键；保留terminal help/diagnostics即可,避免与终端Ctrl/Meta快捷键冲突,,原矩阵明确终端不适用；部分等价能力按原文保留,终端不适用（按原矩阵具体理由）,可信integration串行整合；未知A/C内容未采纳,固定4session成果已交；公共接线由E完成，不再等待停止worker,不适用(Electron DevTools)。SeekTTY是终端Bundle，不带Electron窗口；基线 37fc3d0：[src/client/help.ts:1](https://github.com/Hilbert-beinghappy/seektty/blob/37fc3d0678a81ddef4f0bb0da215df21572d552c/src/client/help.ts#L1)；[src/bin.ts:1](https://github.com/Hilbert-beinghappy/seektty/blob/37fc3d0678a81ddef4f0bb0da215df21572d552c/src/bin.ts#L1),205207c全局候选：241files/2369pass/1既有Clarify skip，typecheck/build/pack55/source-lib23一致；stock生命周期/默认privacy/Hostfiles watch PTY通过。逐项历史证据及未测边界保留；全局门禁不是127项逐项PTY认证。 该行既有记录：4433deb full2181pass1skip/Node24 typecheck/build/pack37/23lib identical/official stock lifecycle passed. Same tarball16cf416b60244e569673550a3862c3fb79f5917274520c6401f0b2fb210e53ab; aggregate gates are not individual feature or cross-platform certification. Same package terminal26 and management17 PTY passed; individual row boundaries remain.,; .artifacts/p1-4433deb/candidate.json; .artifacts/final-full-4433deb.log; docs/integration-acceptance-2026-09-30.md; .artifacts/p1-4433deb/terminal-pty.log; .artifacts/p1-4433deb/management-pty.log,"Source/module checks, composed service checks, historical fixed-package PTY and final-package gates are separate. Only explicitly named journeys count as PTY; no inference from total test count."
89,F090 DeepSeek账号登录、模型路由及Platform,"已发布预发布版0.2.0-rc.2；首见0.1.7-alpha.1；https://github.com/deepseek-ai/deepseek-harness/commit/099eacf108a9e71107557601299bfe3e046a36fc
https://github.com/deepseek-ai/deepseek-harness/commit/6942625430b467fd9a4b64f48b971040937bd4ad
https://github.com/deepseek-ai/deepseek-harness/commit/b1c084e7697ce4a6a8519b124e60d6217144d92b
https://github.com/deepseek-ai/deepseek-harness/commit/e76a5eba21d3a4c304b4f239ea2db35277bcf3e4
https://github.com/deepseek-ai/deepseek-harness/commit/bf5eb8a39a346e90452431f16e0a7dfee7980643
https://github.com/deepseek-ai/deepseek-harness/commit/a523d8ec58308c210e68f5682ef32da0795e6b0f
https://github.com/deepseek-ai/deepseek-harness/commit/5be03410cdca28c6b947c8221753da6d25285283
https://github.com/deepseek-ai/deepseek-harness/commit/2fd748edad7600d6d99d7b8ab7bd62145ec887e6
https://github.com/deepseek-ai/deepseek-harness/commit/7e97c458ba26bcdefc4bb5d649c69d1cd8f89b5d
https://github.com/deepseek-ai/deepseek-harness/commit/62db4c88c95bf7a7ed540a9566ad428397124a62
https://github.com/deepseek-ai/deepseek-harness/commit/7ca920cec8d3735e3472aac7e26461068bf14d63","Host可选路由自动获得;必须改代码(专门账号入口);未核实。已有API Key Provider与Host模型目录；无证据表明Desktop账号登录/余额/退出UI已经集成TUI；基线 37fc3d0：[src/client/provider-manager.ts:1](https://github.com/Hilbert-beinghappy/seektty/blob/37fc3d0678a81ddef4f0bb0da215df21572d552c/src/client/provider-manager.ts#L1)；[src/client/provider-onboarding.ts:1](https://github.com/Hilbert-beinghappy/seektty/blob/37fc3d0678a81ddef4f0bb0da215df21572d552c/src/client/provider-onboarding.ts#L1)；[src/client/capabilities.ts:844](https://github.com/Hilbert-beinghappy/seektty/blob/37fc3d0678a81ddef4f0bb0da215df21572d552c/src/client/capabilities.ts#L844)
发布包R0：1.2.6基于dsh rc.1，本项新版语义未独立认证。
并行B?：用户本地适配进行中，未推送进度不可见；实施前比对活动分支。",src/client/provider-manager.ts:1；src/client/provider-onboarding.ts:1；src/client/capabilities.ts:844,在P0后确认CLI profile是否装配account路由；出现则动态展示并标来源；需要登录交接时用官方入口，不能把account当API Key Provider，更不能自管token,账号/API Key同名模型区分、logout停止account tasks确认、余额超时不阻塞、登录取消；本次未登录真账号,P2,依赖升级允许继承，实际装配/表现仍需核验,Public /account actual mounted service/Gateway/HTTP origin handoff wired,可信integration串行整合；未知A/C内容未采纳,固定4session成果已交；公共接线由E完成，不再等待停止worker,"60adec9 synthetic-provider account refusal/unknown-state PTY passed. Actual browser sign-in/callback, real credentials and account inference unrun. Cancellation deadline unknown/no retry; absent HTTP origin disables login.",205207c全局候选：241files/2369pass/1既有Clarify skip，typecheck/build/pack55/source-lib23一致；stock生命周期/默认privacy/Hostfiles watch PTY通过。逐项历史证据及未测边界保留；全局门禁不是127项逐项PTY认证。 该行既有记录：4433deb full2181pass1skip/Node24 typecheck/build/pack37/23lib identical/official stock lifecycle passed. Same tarball16cf416b60244e569673550a3862c3fb79f5917274520c6401f0b2fb210e53ab; aggregate gates are not individual feature or cross-platform certification. Same package terminal26 and management17 PTY passed; individual row boundaries remain.,"; intake-public-wiring.log: 8 files/57 tests, typecheck/diff-check; docs/model-account-public-wiring-2026-09-30.md; .artifacts/p1-4433deb/candidate.json; .artifacts/final-full-4433deb.log; docs/integration-acceptance-2026-09-30.md; .artifacts/p1-4433deb/terminal-pty.log; .artifacts/p1-4433deb/management-pty.log","Source/module checks, composed service checks, historical fixed-package PTY and final-package gates are separate. Only explicitly named journeys count as PTY; no inference from total test count."
90,F091 工具结果统一token预算spill,"已发布预发布版0.2.0-rc.2；首见0.1.7-alpha.2；https://github.com/deepseek-ai/deepseek-harness/commit/ee4458f6d0bbf3599b8b2b16c1f381c237fa958b
https://github.com/deepseek-ai/deepseek-harness/commit/4ef97b92a97b526a12642038cc130bb0aea815d9","Host自动获得(预算);需核对显示兼容。TUI有展示行数截断，Host负责真正工具输出/附件/spill，不是相同预算；基线 37fc3d0：[src/client/tool-output-limit.ts:1](https://github.com/Hilbert-beinghappy/seektty/blob/37fc3d0678a81ddef4f0bb0da215df21572d552c/src/client/tool-output-limit.ts#L1)；[src/host/tool-presentation.ts:1](https://github.com/Hilbert-beinghappy/seektty/blob/37fc3d0678a81ddef4f0bb0da215df21572d552c/src/host/tool-presentation.ts#L1)；[src/client/transcript.ts:1](https://github.com/Hilbert-beinghappy/seektty/blob/37fc3d0678a81ddef4f0bb0da215df21572d552c/src/client/transcript.ts#L1)
发布包R0：1.2.6基于dsh rc.1，本项新版语义未独立认证。
并行B?：用户本地适配进行中，未推送进度不可见；实施前比对活动分支。",src/client/tool-output-limit.ts:1；src/host/tool-presentation.ts:1；src/client/transcript.ts:1,接受官方maxInlineTokens与首尾spill地址；TUI保留独立显示行限但不能误报为Host token限；不要重新拼回完整输出,中文/emoji surrogate、图片+文本共享预算、省略链接可读、展开不绕过权限,P1,依赖升级允许继承，实际装配/表现仍需核验,"Stock spill policy preserved, bounded head/tail plus actual trajectory full-content entry integrated",可信integration串行整合；未知A/C内容未采纳,固定4session成果已交；公共接线由E完成，不再等待停止worker,Final candidate regression and original feature-specific risk boundaries apply; whole-suite/stock pass is not per-feature inference or cross-platform proof.,205207c全局候选：241files/2369pass/1既有Clarify skip，typecheck/build/pack55/source-lib23一致；stock生命周期/默认privacy/Hostfiles watch PTY通过。逐项历史证据及未测边界保留；全局门禁不是127项逐项PTY认证。 该行既有记录：4433deb full2181pass1skip/Node24 typecheck/build/pack37/23lib identical/official stock lifecycle passed. Same tarball16cf416b60244e569673550a3862c3fb79f5917274520c6401f0b2fb210e53ab; aggregate gates are not individual feature or cross-platform certification. Same package terminal26 and management17 PTY passed; individual row boundaries remain.,803e975; docs/tool-output-spill-handoff-2026-09-30.md; parent 60adec9 PTY full-copy evidence; .artifacts/p1-4433deb/candidate.json; .artifacts/final-full-4433deb.log; docs/integration-acceptance-2026-09-30.md; .artifacts/p1-4433deb/terminal-pty.log; .artifacts/p1-4433deb/management-pty.log,"Source/module checks, composed service checks, historical fixed-package PTY and final-package gates are separate. Only explicitly named journeys count as PTY; no inference from total test count."
91,F092 DSH精确版本与vendor/native patch依赖,"已发布预发布版0.2.0-rc.2；首见0.1.7-alpha.1；https://github.com/deepseek-ai/deepseek-harness/commit/1e9c7b410aa184414e3b05ecdd8cf69f66e02299
https://github.com/deepseek-ai/deepseek-harness/commit/b980fdf5df6c76c5746955cfa3b5a74974c970fd
https://github.com/deepseek-ai/deepseek-harness/commit/3950647caaa10a2be28c935fc6e17bbe24cf4ebb
https://github.com/deepseek-ai/deepseek-harness/commit/178ee3a9eb7c4725006090eba736900573f45d4d
https://github.com/deepseek-ai/deepseek-harness/commit/5c6427bd76ca3a0570d5d400ff9949d4d7fd5761
https://github.com/deepseek-ai/deepseek-harness/commit/454b87e59a66103af27d5c54645da763ed843435","必须改代码(P0版本闭包)。当前61个dsh开发包/230闭包pin rc.3；pi-tui0.73.1为自带patch，Host peer精确固定；基线 37fc3d0：[package.json:1](https://github.com/Hilbert-beinghappy/seektty/blob/37fc3d0678a81ddef4f0bb0da215df21572d552c/package.json#L1)；[pnpm-workspace.yaml:1](https://github.com/Hilbert-beinghappy/seektty/blob/37fc3d0678a81ddef4f0bb0da215df21572d552c/pnpm-workspace.yaml#L1)；[src/dsh-compat.ts:1](https://github.com/Hilbert-beinghappy/seektty/blob/37fc3d0678a81ddef4f0bb0da215df21572d552c/src/dsh-compat.ts#L1)；[src/pnpm-compat.ts:1](https://github.com/Hilbert-beinghappy/seektty/blob/37fc3d0678a81ddef4f0bb0da215df21572d552c/src/pnpm-compat.ts#L1)
发布包R0：1.2.6基于dsh rc.1，本项新版语义未独立认证。
并行B?：用户本地适配进行中，未推送进度不可见；实施前比对活动分支。",package.json:1；pnpm-workspace.yaml:1；src/dsh-compat.ts:1；src/pnpm-compat.ts:1,以目标CLI实际依赖图替代旧包列表，处理退休包及Cordis/Schemastery pins；新pi-ai模型目录动态，但不要盲目替换终端pi-tui或移除用户模型,官方模块身份、完整闭包、stock lifecycle、已退休model ID在现有session如何提示、pnpm GVS true/false,P0,278个目标dsh包闭包和精确rc.2已有历史记录,Exact Host target and retained vendor patch hashes documented; final closure pending,可信integration串行整合；未知A/C内容未采纳,固定4session成果已交；公共接线由E完成，不再等待停止worker,Complete final immutable-package acceptance and independent review; retain original row risk requirements.,205207c全局候选：241files/2369pass/1既有Clarify skip，typecheck/build/pack55/source-lib23一致；stock生命周期/默认privacy/Hostfiles watch PTY通过。逐项历史证据及未测边界保留；全局门禁不是127项逐项PTY认证。 该行既有记录：4433deb full2181pass1skip/Node24 typecheck/build/pack37/23lib identical/official stock lifecycle passed. Same tarball16cf416b60244e569673550a3862c3fb79f5917274520c6401f0b2fb210e53ab; aggregate gates are not individual feature or cross-platform certification. Same package terminal26 and management17 PTY passed; individual row boundaries remain.,docs/vendor-contract-patch-hashes-2026-09-30.jsonon; .artifacts/p1-4433deb/candidate.json; .artifacts/final-full-4433deb.log; docs/integration-acceptance-2026-09-30.md; .artifacts/p1-4433deb/terminal-pty.log; .artifacts/p1-4433deb/management-pty.log,"Source/module checks, composed service checks, historical fixed-package PTY and final-package gates are separate. Only explicitly named journeys count as PTY; no inference from total test count."
92,F093 chat链接打开提示,已发布预发布版0.2.0-rc.2；首见0.1.7-alpha.2；https://github.com/deepseek-ai/deepseek-harness/commit/505559b03b66b3474e4871aa45573d21a2a84024,"不适用(Web hover提示);可选TUI体验。终端有文本/链接内容与上下文动作，不是Web tooltip组件；基线 37fc3d0：[src/client/transcript.ts:1](https://github.com/Hilbert-beinghappy/seektty/blob/37fc3d0678a81ddef4f0bb0da215df21572d552c/src/client/transcript.ts#L1)；[src/client/context-actions.ts:1](https://github.com/Hilbert-beinghappy/seektty/blob/37fc3d0678a81ddef4f0bb0da215df21572d552c/src/client/context-actions.ts#L1)；[src/client/copy-content.ts:1](https://github.com/Hilbert-beinghappy/seektty/blob/37fc3d0678a81ddef4f0bb0da215df21572d552c/src/client/copy-content.ts#L1)
发布包R0：1.2.6基于dsh rc.1，本项新版语义未独立认证。
并行B?：用户本地适配进行中，未推送进度不可见；实施前比对活动分支。",src/client/transcript.ts:1；src/client/context-actions.ts:1；src/client/copy-content.ts:1,如需要，使用现有context menu提示目标URL/复制；不强加鼠标hover弹窗,URL安全显示与控制字符、复制原文、无鼠标终端仍可操作,,原矩阵明确终端不适用；部分等价能力按原文保留,终端不适用（按原矩阵具体理由）,可信integration串行整合；未知A/C内容未采纳,固定4session成果已交；公共接线由E完成，不再等待停止worker,不适用(Web hover提示);可选TUI体验。终端有文本/链接内容与上下文动作，不是Web tooltip组件；基线 37fc3d0：[src/client/transcript.ts:1](https://github.com/Hilbert-beinghappy/seektty/blob/37fc3d0678a81ddef4f0bb0da215df21572d552c/src/client/transcript.ts#L1)；[src/client/context-actions.ts:1](https://github.com/Hilbert-beinghappy/seektty/blob/37fc3d0678a81ddef4f0bb0da215df21572d552c/src/client/context-actions.ts#L1)；[src/client/copy-content.ts:1](https://github.com/Hilbert-beinghappy/seektty/blob/37fc3d0678a81ddef4f0bb0da215df21572d552c/src/client/copy-content.ts#L1),205207c全局候选：241files/2369pass/1既有Clarify skip，typecheck/build/pack55/source-lib23一致；stock生命周期/默认privacy/Hostfiles watch PTY通过。逐项历史证据及未测边界保留；全局门禁不是127项逐项PTY认证。 该行既有记录：4433deb full2181pass1skip/Node24 typecheck/build/pack37/23lib identical/official stock lifecycle passed. Same tarball16cf416b60244e569673550a3862c3fb79f5917274520c6401f0b2fb210e53ab; aggregate gates are not individual feature or cross-platform certification. Same package terminal26 and management17 PTY passed; individual row boundaries remain.,; .artifacts/p1-4433deb/candidate.json; .artifacts/final-full-4433deb.log; docs/integration-acceptance-2026-09-30.md; .artifacts/p1-4433deb/terminal-pty.log; .artifacts/p1-4433deb/management-pty.log,"Source/module checks, composed service checks, historical fixed-package PTY and final-package gates are separate. Only explicitly named journeys count as PTY; no inference from total test count."
93,F094 实验功能标签,已发布预发布版0.2.0-rc.2；首见0.1.7-rc.1；https://github.com/deepseek-ai/deepseek-harness/commit/bbeef5f25002552a3d9f26b89e17e6523804d9cf,插件列表/详情与choice标实验性，保留包身份/启用状态；无前缀不擅称stable。,src/client/actions.ts:532；src/host/plugin-marketplace.ts:1；src/client/agent-preset-copy.ts:1,优先从官方描述明确展示实验标签，不按名字猜；若schema未暴露则标未知，不阻塞稳定功能,稳定/experimental/unknown三态、中文英文文案、标签不改变启用权限,P2,00dba96未逐项证明完整支持,官方experimental包前缀标签已实现,可信integration串行整合；未知A/C内容未采纳,固定4session原worktree：E公共整合，D审批/语音，S02文件与观察，独立review；无新增窗口,确切包身份/启用状态保持；公共列表/详情专项测试通过。具体PTY只计独立命名旅程，不由全套推定。,205207c全局候选：241files/2369pass/1既有Clarify skip，typecheck/build/pack55/source-lib23一致；stock生命周期/默认privacy/Hostfiles watch PTY通过。逐项历史证据及未测边界保留；全局门禁不是127项逐项PTY认证。,22bea7f;tests/auto-review-presentation.test.ts;docs/f094-f023-handoff.md; 候选16a14965908f3068ce74c999d9a9ad280c3ec09e4bc50643677ce0f1acfd7e51,"Source/module checks, composed service checks, historical fixed-package PTY and final-package gates are separate. Only explicitly named journeys count as PTY; no inference from total test count."
94,F095 中文子智能体命名,"已发布预发布版0.2.0-rc.2；首见0.1.7-rc.1；https://github.com/deepseek-ai/deepseek-harness/commit/e68fb0bc8df6b37b80efd3d059a1677aed097a81
https://github.com/deepseek-ai/deepseek-harness/commit/488409e3064e83565b196f63dcb9c3e7892b3099","已原生支持(中文TUI);Host自动获得(新命名事实)。已有中文子Agent树和官方title/displayTitle展示；基线 37fc3d0：[src/client/subagent-presentation.ts:74](https://github.com/Hilbert-beinghappy/seektty/blob/37fc3d0678a81ddef4f0bb0da215df21572d552c/src/client/subagent-presentation.ts#L74)；[src/client/agent-tree.ts:1](https://github.com/Hilbert-beinghappy/seektty/blob/37fc3d0678a81ddef4f0bb0da215df21572d552c/src/client/agent-tree.ts#L1)；[src/client/locale.ts:1](https://github.com/Hilbert-beinghappy/seektty/blob/37fc3d0678a81ddef4f0bb0da215df21572d552c/src/client/locale.ts#L1)
发布包R0：1.2.6基于dsh rc.1，本项新版语义未独立认证。
并行B?：用户本地适配进行中，未推送进度不可见；实施前比对活动分支。",src/client/subagent-presentation.ts:74；src/client/agent-tree.ts:1；src/client/locale.ts:1,沿用Host新的中文命名；只改必要本地文案，不把公共id翻译或凭空生成任务标题,中文标题截断/CJK宽度/无label fallback/恢复名称稳定,P1,原矩阵记录旧基线源码已有能力；不等于rc.2逐项运行通过,Native listDescendants exact direct-parent/depth1 catalog adapter corrected; actual published algorithm regression,可信integration串行整合；未知A/C内容未采纳,固定4session成果已交；公共接线由E完成，不再等待停止worker,Independent real hot/cold child open/parent-return P2 closed5bd6d3b; breadcrumb hot/cold identity P3 closed190c601. Final new package regression boundary remains; full subtree traversal cost retained.,205207c全局候选：241files/2369pass/1既有Clarify skip，typecheck/build/pack55/source-lib23一致；stock生命周期/默认privacy/Hostfiles watch PTY通过。逐项历史证据及未测边界保留；全局门禁不是127项逐项PTY认证。 该行既有记录：4433deb full2181pass1skip/Node24 typecheck/build/pack37/23lib identical/official stock lifecycle passed. Same tarball16cf416b60244e569673550a3862c3fb79f5917274520c6401f0b2fb210e53ab; aggregate gates are not individual feature or cross-platform certification. Same package terminal26 and management17 PTY passed; individual row boundaries remain.,5bd6d3b517a1d6074252744ab4c6a92823d06598; docs/child-catalog-rc2-2026-09-30.md; .artifacts/p1-4433deb/candidate.json; .artifacts/final-full-4433deb.log; docs/integration-acceptance-2026-09-30.md; .artifacts/p1-4433deb/terminal-pty.log; .artifacts/p1-4433deb/management-pty.log,"Source/module checks, composed service checks, historical fixed-package PTY and final-package gates are separate. Only explicitly named journeys count as PTY; no inference from total test count."
95,F096 内联图片放大与hover预览,"已发布预发布版0.2.0-rc.2；首见0.1.7-rc.1；https://github.com/deepseek-ai/deepseek-harness/commit/9b510d89a5dfc17e482e310e9b18e0841a2668ca
https://github.com/deepseek-ai/deepseek-harness/commit/3eadc9b56ce54b0f051d1c180641580b51dad92c","不适用(Web lightbox);已有图片附加与外部交接。图片输入/恢复已实装，终端没有hover lightbox；基线 37fc3d0：[src/client/pasted-image.ts:1](https://github.com/Hilbert-beinghappy/seektty/blob/37fc3d0678a81ddef4f0bb0da215df21572d552c/src/client/pasted-image.ts#L1)；[src/client/attachment-restore.ts:1](https://github.com/Hilbert-beinghappy/seektty/blob/37fc3d0678a81ddef4f0bb0da215df21572d552c/src/client/attachment-restore.ts#L1)；[src/client/produced-files.ts:1](https://github.com/Hilbert-beinghappy/seektty/blob/37fc3d0678a81ddef4f0bb0da215df21572d552c/src/client/produced-files.ts#L1)
发布包R0：1.2.6基于dsh rc.1，本项新版语义未独立认证。
并行B?：用户本地适配进行中，未推送进度不可见；实施前比对活动分支。",src/client/pasted-image.ts:1；src/client/attachment-restore.ts:1；src/client/produced-files.ts:1,按需加外部打开图片的明确动作，图片解析/权限仍交Host；不宣称新增Web缩放自动出现,本地image path、已删除附件、unicode路径、clipboard恢复；终端需安全降级,,原矩阵明确终端不适用；部分等价能力按原文保留,终端不适用（按原矩阵具体理由）,可信integration串行整合；未知A/C内容未采纳,固定4session成果已交；公共接线由E完成，不再等待停止worker,不适用(Web lightbox);已有图片附加与外部交接。图片输入/恢复已实装，终端没有hover lightbox；基线 37fc3d0：[src/client/pasted-image.ts:1](https://github.com/Hilbert-beinghappy/seektty/blob/37fc3d0678a81ddef4f0bb0da215df21572d552c/src/client/pasted-image.ts#L1)；[src/client/attachment-restore.ts:1](https://github.com/Hilbert-beinghappy/seektty/blob/37fc3d0678a81ddef4f0bb0da215df21572d552c/src/client/attachment-restore.ts#L1)；[src/client/produced-files.ts:1](https://github.com/Hilbert-beinghappy/seektty/blob/37fc3d0678a81ddef4f0bb0da215df21572d552c/src/client/produced-files.ts#L1),205207c全局候选：241files/2369pass/1既有Clarify skip，typecheck/build/pack55/source-lib23一致；stock生命周期/默认privacy/Hostfiles watch PTY通过。逐项历史证据及未测边界保留；全局门禁不是127项逐项PTY认证。 该行既有记录：4433deb full2181pass1skip/Node24 typecheck/build/pack37/23lib identical/official stock lifecycle passed. Same tarball16cf416b60244e569673550a3862c3fb79f5917274520c6401f0b2fb210e53ab; aggregate gates are not individual feature or cross-platform certification. Same package terminal26 and management17 PTY passed; individual row boundaries remain.,; .artifacts/p1-4433deb/candidate.json; .artifacts/final-full-4433deb.log; docs/integration-acceptance-2026-09-30.md; .artifacts/p1-4433deb/terminal-pty.log; .artifacts/p1-4433deb/management-pty.log,"Source/module checks, composed service checks, historical fixed-package PTY and final-package gates are separate. Only explicitly named journeys count as PTY; no inference from total test count."
96,F097 用户快捷键查看/搜索/修改/重置,"已发布预发布版0.2.0-rc.2；首见0.1.7-rc.2；https://github.com/deepseek-ai/deepseek-harness/commit/6638afae5e7f826c0fc66246d364a937d3074796
https://github.com/deepseek-ai/deepseek-harness/commit/b16b1eaea87258098016b93dc8c78850ca603b4f","已原生支持(终端可配置键位)。已有/keymap、可配置动作、冲突校验与effective bindings/help；不依赖Desktop keybinding服务；基线 37fc3d0：[src/client/keymap.ts:478](https://github.com/Hilbert-beinghappy/seektty/blob/37fc3d0678a81ddef4f0bb0da215df21572d552c/src/client/keymap.ts#L478)；[src/client/actions.ts:44](https://github.com/Hilbert-beinghappy/seektty/blob/37fc3d0678a81ddef4f0bb0da215df21572d552c/src/client/actions.ts#L44)；[src/protocol.ts:1](https://github.com/Hilbert-beinghappy/seektty/blob/37fc3d0678a81ddef4f0bb0da215df21572d552c/src/protocol.ts#L1)
发布包R0：1.2.6基于dsh rc.1，本项新版语义未独立认证。
并行B?：用户本地适配进行中，未推送进度不可见；实施前比对活动分支。",src/client/keymap.ts:478；src/client/actions.ts:44；src/protocol.ts:1,保留终端键位体系，核对可搜索/重置体验，若导入上游设置需显式转换而非覆盖现有用户键位,重复键、保留键、Ctrl+M/Enter、Cmd/Meta、tmux/Kitty协议、reset只重置指定scope,P1,原矩阵记录旧基线源码已有能力；不等于rc.2逐项运行通过,既有TUI能力；新版回归待E,可信integration串行整合；未知A/C内容未采纳,固定4session成果已交；公共接线由E完成，不再等待停止worker,沿用原矩阵接入方案，补目标Host证据；未证明不标完成,205207c全局候选：241files/2369pass/1既有Clarify skip，typecheck/build/pack55/source-lib23一致；stock生命周期/默认privacy/Hostfiles watch PTY通过。逐项历史证据及未测边界保留；全局门禁不是127项逐项PTY认证。 该行既有记录：4433deb full2181pass1skip/Node24 typecheck/build/pack37/23lib identical/official stock lifecycle passed. Same tarball16cf416b60244e569673550a3862c3fb79f5917274520c6401f0b2fb210e53ab; aggregate gates are not individual feature or cross-platform certification. Same package terminal26 and management17 PTY passed; individual row boundaries remain.,; .artifacts/p1-4433deb/candidate.json; .artifacts/final-full-4433deb.log; docs/integration-acceptance-2026-09-30.md; .artifacts/p1-4433deb/terminal-pty.log; .artifacts/p1-4433deb/management-pty.log,"Source/module checks, composed service checks, historical fixed-package PTY and final-package gates are separate. Only explicitly named journeys count as PTY; no inference from total test count."
97,F098 持久定时任务及可选bundle迁移,"已发布预发布版0.2.0-rc.2；首见0.1.7-rc.2；https://github.com/deepseek-ai/deepseek-harness/commit/7a362b263bc1f4436d63f499d8b0c972ac3b2d2f
https://github.com/deepseek-ai/deepseek-harness/commit/4611e32e642239f6265a47c67a1bd41394dd5641
https://github.com/deepseek-ai/deepseek-harness/commit/217fb65ac7c7157eba61d2c606cf2db73f0af4f0
https://github.com/deepseek-ai/deepseek-harness/commit/77f8d83363d91e07367ccb5c3a0e94032af19de9
https://github.com/deepseek-ai/deepseek-harness/commit/f9564a0d489a0c6cd2b6fe252cb55b992a3f6407
https://github.com/deepseek-ai/deepseek-harness/commit/cfeb478e0391280fd9cb113a0188002245e55946
https://github.com/deepseek-ai/deepseek-harness/commit/88967ce80a4ead8e481718c94ab6651e865b2069
https://github.com/deepseek-ai/deepseek-harness/commit/511a62cd1b26977e4cf1a3319f78683c1ff6d055","Host可选能力自动获得;必须改代码(定时任务TUI管理)。通用Host commands/skills/settings可呈现已装配schedule，但没有证据证明完整持久schedule专用管理UI；基线 37fc3d0：[src/client/capabilities.ts:710](https://github.com/Hilbert-beinghappy/seektty/blob/37fc3d0678a81ddef4f0bb0da215df21572d552c/src/client/capabilities.ts#L710)；[src/client/settings.ts:1](https://github.com/Hilbert-beinghappy/seektty/blob/37fc3d0678a81ddef4f0bb0da215df21572d552c/src/client/settings.ts#L1)；[src/client/actions.ts:1](https://github.com/Hilbert-beinghappy/seektty/blob/37fc3d0678a81ddef4f0bb0da215df21572d552c/src/client/actions.ts#L1)
发布包R0：1.2.6基于dsh rc.1，本项新版语义未独立认证。
并行B?：用户本地适配进行中，未推送进度不可见；实施前比对活动分支。",src/client/capabilities.ts:710；src/client/settings.ts:1；src/client/actions.ts:1,按官方Automation可选bundle装配，不仅旧id-only patch；先沿用原生命令，若要求管理列表再适配Remote；不在TUI另跑cron,restart补投/最短分钟/用户消息reminder/暂停删除、timezone和旧配置迁移；新增bundle需用户明确意图,P1 条件P0,依赖升级允许继承，实际装配/表现仍需核验,Public /schedules actual optional descriptor-gated catalog/list/history/update/delete wired,可信integration串行整合；未知A/C内容未采纳,固定4session成果已交；公共接线由E完成，不再等待停止worker,60adec9 actual schedule CAS/refused-delete-zero-write/unknown deadline no-retry PTY passed. No published pause endpoint or invented create UI. Final same-package review pending; optional plugin is not installed automatically.,205207c全局候选：241files/2369pass/1既有Clarify skip，typecheck/build/pack55/source-lib23一致；stock生命周期/默认privacy/Hostfiles watch PTY通过。逐项历史证据及未测边界保留；全局门禁不是127项逐项PTY认证。 该行既有记录：4433deb full2181pass1skip/Node24 typecheck/build/pack37/23lib identical/official stock lifecycle passed. Same tarball16cf416b60244e569673550a3862c3fb79f5917274520c6401f0b2fb210e53ab; aggregate gates are not individual feature or cross-platform certification. Same package terminal26 and management17 PTY passed; individual row boundaries remain.,; optional-public-wiring.log: 72 tests + typecheck; optional-spill-integration.log: 94 tests + typecheck; .artifacts/p1-4433deb/candidate.json; .artifacts/final-full-4433deb.log; docs/integration-acceptance-2026-09-30.md; .artifacts/p1-4433deb/terminal-pty.log; .artifacts/p1-4433deb/management-pty.log,"Source/module checks, composed service checks, historical fixed-package PTY and final-package gates are separate. Only explicitly named journeys count as PTY; no inference from total test count."
98,F099 动态工具更新不破坏KV Cache,已发布预发布版0.2.0-rc.2；首见0.1.7-rc.2；https://github.com/deepseek-ai/deepseek-harness/commit/f6a2c700af9edc9b7f48699c454e19c5c26a3fd9,"Host自动获得(模型缓存);必须核对表示节点。模型request/KV cache由Host处理，保留的conversation投影可能不认识新增工具更新标记；基线 37fc3d0：[src/client/native-assistant-stream.ts:1](https://github.com/Hilbert-beinghappy/seektty/blob/37fc3d0678a81ddef4f0bb0da215df21572d552c/src/client/native-assistant-stream.ts#L1)；[vendor/ui-conversation/client/conversation-nodes/register.js:1](https://github.com/Hilbert-beinghappy/seektty/blob/37fc3d0678a81ddef4f0bb0da215df21572d552c/vendor/ui-conversation/client/conversation-nodes/register.js#L1)；[src/client/transcript.ts:1](https://github.com/Hilbert-beinghappy/seektty/blob/37fc3d0678a81ddef4f0bb0da215df21572d552c/src/client/transcript.ts#L1)
发布包R0：1.2.6基于dsh rc.1，本项新版语义未独立认证。
并行B?：用户本地适配进行中，未推送进度不可见；实施前比对活动分支。",src/client/native-assistant-stream.ts:1；vendor/ui-conversation/client/conversation-nodes/register.js:1；src/client/transcript.ts:1,不在TUI改LLM request；新增durable tool-update/context-injection节点做兼容显示，未知保持安全占位且不漏seq,支持/不支持模型的路由差异，动态tool更新后日志回放、缓存命中与顺序一致,P1,依赖升级允许继承，实际装配/表现仍需核验,原版Host合同/可信integration整合；不再等待已停止worker，具体语义未单独认证,可信integration串行整合；未知A/C内容未采纳,固定4session成果已交；公共接线由E完成，不再等待停止worker,Native rc.2 remains execution/persistence owner. Final stock/full-suite coverage does not certify this individual engine feature; keep the original risk/plan boundary.,205207c全局候选：241files/2369pass/1既有Clarify skip，typecheck/build/pack55/source-lib23一致；stock生命周期/默认privacy/Hostfiles watch PTY通过。逐项历史证据及未测边界保留；全局门禁不是127项逐项PTY认证。 该行既有记录：4433deb full2181pass1skip/Node24 typecheck/build/pack37/23lib identical/official stock lifecycle passed. Same tarball16cf416b60244e569673550a3862c3fb79f5917274520c6401f0b2fb210e53ab; aggregate gates are not individual feature or cross-platform certification. Same package terminal26 and management17 PTY passed; individual row boundaries remain.,; .artifacts/p1-4433deb/candidate.json; .artifacts/final-full-4433deb.log; docs/integration-acceptance-2026-09-30.md; .artifacts/p1-4433deb/terminal-pty.log; .artifacts/p1-4433deb/management-pty.log,"Source/module checks, composed service checks, historical fixed-package PTY and final-package gates are separate. Only explicitly named journeys count as PTY; no inference from total test count."
99,F100 API Key输入禁密码自动填充,已发布预发布版0.2.0-rc.2；首见0.1.7-rc.2；https://github.com/deepseek-ai/deepseek-harness/commit/55b06e6f819660ac3294ce16be69852fa47d78c2,"不适用(浏览器autofill);已有密钥掩码。API Key终端输入不是HTML password field，不存在浏览器密码自动填充；已有write-only流程；基线 37fc3d0：[src/client/provider-manager.ts:288](https://github.com/Hilbert-beinghappy/seektty/blob/37fc3d0678a81ddef4f0bb0da215df21572d552c/src/client/provider-manager.ts#L288)；[src/client/overlays.ts:1](https://github.com/Hilbert-beinghappy/seektty/blob/37fc3d0678a81ddef4f0bb0da215df21572d552c/src/client/overlays.ts#L1)
发布包R0：1.2.6基于dsh rc.1，本项新版语义未独立认证。
并行B?：用户本地适配进行中，未推送进度不可见；实施前比对活动分支。",src/client/provider-manager.ts:288；src/client/overlays.ts:1,不复制autocomplete属性；继续防日志、历史、剪贴板回显secret,密钥不进入composer history/错误文本、cancel清draft，UI-only上游无需终端改动,,原矩阵明确终端不适用；部分等价能力按原文保留,终端不适用（按原矩阵具体理由）,可信integration串行整合；未知A/C内容未采纳,固定4session成果已交；公共接线由E完成，不再等待停止worker,不适用(浏览器autofill);已有密钥掩码。API Key终端输入不是HTML password field，不存在浏览器密码自动填充；已有write-only流程；基线 37fc3d0：[src/client/provider-manager.ts:288](https://github.com/Hilbert-beinghappy/seektty/blob/37fc3d0678a81ddef4f0bb0da215df21572d552c/src/client/provider-manager.ts#L288)；[src/client/overlays.ts:1](https://github.com/Hilbert-beinghappy/seektty/blob/37fc3d0678a81ddef4f0bb0da215df21572d552c/src/client/overlays.ts#L1),205207c全局候选：241files/2369pass/1既有Clarify skip，typecheck/build/pack55/source-lib23一致；stock生命周期/默认privacy/Hostfiles watch PTY通过。逐项历史证据及未测边界保留；全局门禁不是127项逐项PTY认证。 该行既有记录：4433deb full2181pass1skip/Node24 typecheck/build/pack37/23lib identical/official stock lifecycle passed. Same tarball16cf416b60244e569673550a3862c3fb79f5917274520c6401f0b2fb210e53ab; aggregate gates are not individual feature or cross-platform certification. Same package terminal26 and management17 PTY passed; individual row boundaries remain.,; .artifacts/p1-4433deb/candidate.json; .artifacts/final-full-4433deb.log; docs/integration-acceptance-2026-09-30.md; .artifacts/p1-4433deb/terminal-pty.log; .artifacts/p1-4433deb/management-pty.log,"Source/module checks, composed service checks, historical fixed-package PTY and final-package gates are separate. Only explicitly named journeys count as PTY; no inference from total test count."
100,F101 文档加载提示、分页和主题,"已发布预发布版0.2.0-rc.2；首见0.1.7-rc.2；https://github.com/deepseek-ai/deepseek-harness/commit/31da6718a942cb49fc5c5c0e4a3a4cdaff238046
https://github.com/deepseek-ai/deepseek-harness/commit/8be17176fe326b98b782a06380f7aa8ec08a8cae","不适用(Web preview分页/主题);已有终端加载状态。终端原生pending与文件入口不使用Sidebar DocumentPreview；基线 37fc3d0：[src/client/pending-status.ts:1](https://github.com/Hilbert-beinghappy/seektty/blob/37fc3d0678a81ddef4f0bb0da215df21572d552c/src/client/pending-status.ts#L1)；[src/client/produced-files.ts:1](https://github.com/Hilbert-beinghappy/seektty/blob/37fc3d0678a81ddef4f0bb0da215df21572d552c/src/client/produced-files.ts#L1)；[src/host/app-handoff.ts:1](https://github.com/Hilbert-beinghappy/seektty/blob/37fc3d0678a81ddef4f0bb0da215df21572d552c/src/host/app-handoff.ts#L1)
发布包R0：1.2.6基于dsh rc.1，本项新版语义未独立认证。
并行B?：用户本地适配进行中，未推送进度不可见；实施前比对活动分支。",src/client/pending-status.ts:1；src/client/produced-files.ts:1；src/host/app-handoff.ts:1,需要时仅给外部文件加载加进度/失败提示，预览分页/主题交官方Web,大文档打开、取消、失败路径；勿误报终端已有文档页码画布,,原矩阵明确终端不适用；部分等价能力按原文保留,终端不适用（按原矩阵具体理由）,可信integration串行整合；未知A/C内容未采纳,固定4session成果已交；公共接线由E完成，不再等待停止worker,不适用(Web preview分页/主题);已有终端加载状态。终端原生pending与文件入口不使用Sidebar DocumentPreview；基线 37fc3d0：[src/client/pending-status.ts:1](https://github.com/Hilbert-beinghappy/seektty/blob/37fc3d0678a81ddef4f0bb0da215df21572d552c/src/client/pending-status.ts#L1)；[src/client/produced-files.ts:1](https://github.com/Hilbert-beinghappy/seektty/blob/37fc3d0678a81ddef4f0bb0da215df21572d552c/src/client/produced-files.ts#L1)；[src/host/app-handoff.ts:1](https://github.com/Hilbert-beinghappy/seektty/blob/37fc3d0678a81ddef4f0bb0da215df21572d552c/src/host/app-handoff.ts#L1),205207c全局候选：241files/2369pass/1既有Clarify skip，typecheck/build/pack55/source-lib23一致；stock生命周期/默认privacy/Hostfiles watch PTY通过。逐项历史证据及未测边界保留；全局门禁不是127项逐项PTY认证。 该行既有记录：4433deb full2181pass1skip/Node24 typecheck/build/pack37/23lib identical/official stock lifecycle passed. Same tarball16cf416b60244e569673550a3862c3fb79f5917274520c6401f0b2fb210e53ab; aggregate gates are not individual feature or cross-platform certification. Same package terminal26 and management17 PTY passed; individual row boundaries remain.,; .artifacts/p1-4433deb/candidate.json; .artifacts/final-full-4433deb.log; docs/integration-acceptance-2026-09-30.md; .artifacts/p1-4433deb/terminal-pty.log; .artifacts/p1-4433deb/management-pty.log,"Source/module checks, composed service checks, historical fixed-package PTY and final-package gates are separate. Only explicitly named journeys count as PTY; no inference from total test count."
101,F102 桌面关闭窗口任务继续后台,已发布预发布版0.2.0-rc.2；首见0.1.7-rc.2；https://github.com/deepseek-ai/deepseek-harness/commit/3511c45426fa5ccdd7149af82249daef5f64cef0,"不适用(Desktop关窗常驻);需明确TUI退出语义。TUI关闭释放client/terminal，Host同进程生命周期由runner决定；没有Electron hide-window；基线 37fc3d0：[src/client/surface.ts:731](https://github.com/Hilbert-beinghappy/seektty/blob/37fc3d0678a81ddef4f0bb0da215df21572d552c/src/client/surface.ts#L731)；[src/host/index.ts:1](https://github.com/Hilbert-beinghappy/seektty/blob/37fc3d0678a81ddef4f0bb0da215df21572d552c/src/host/index.ts#L1)
发布包R0：1.2.6基于dsh rc.1，本项新版语义未独立认证。
并行B?：用户本地适配进行中，未推送进度不可见；实施前比对活动分支。",src/client/surface.ts:731；src/host/index.ts:1,不直接把/exit改为后台守护；如要detach需独立需求与官方服务支持。优先修native-tail有界flush再恢复终端,退出有运行任务的提示、SIGTERM、终端恢复；不得宣称关终端后任务一定继续,,原矩阵明确终端不适用；部分等价能力按原文保留,终端不适用（按原矩阵具体理由）,可信integration串行整合；未知A/C内容未采纳,固定4session成果已交；公共接线由E完成，不再等待停止worker,不适用(Desktop关窗常驻);需明确TUI退出语义。TUI关闭释放client/terminal，Host同进程生命周期由runner决定；没有Electron hide-window；基线 37fc3d0：[src/client/surface.ts:731](https://github.com/Hilbert-beinghappy/seektty/blob/37fc3d0678a81ddef4f0bb0da215df21572d552c/src/client/surface.ts#L731)；[src/host/index.ts:1](https://github.com/Hilbert-beinghappy/seektty/blob/37fc3d0678a81ddef4f0bb0da215df21572d552c/src/host/index.ts#L1),205207c全局候选：241files/2369pass/1既有Clarify skip，typecheck/build/pack55/source-lib23一致；stock生命周期/默认privacy/Hostfiles watch PTY通过。逐项历史证据及未测边界保留；全局门禁不是127项逐项PTY认证。 该行既有记录：4433deb full2181pass1skip/Node24 typecheck/build/pack37/23lib identical/official stock lifecycle passed. Same tarball16cf416b60244e569673550a3862c3fb79f5917274520c6401f0b2fb210e53ab; aggregate gates are not individual feature or cross-platform certification. Same package terminal26 and management17 PTY passed; individual row boundaries remain.,; .artifacts/p1-4433deb/candidate.json; .artifacts/final-full-4433deb.log; docs/integration-acceptance-2026-09-30.md; .artifacts/p1-4433deb/terminal-pty.log; .artifacts/p1-4433deb/management-pty.log,"Source/module checks, composed service checks, historical fixed-package PTY and final-package gates are separate. Only explicitly named journeys count as PTY; no inference from total test count."
102,F103 审批说明本地化,已发布预发布版0.2.0-rc.2；首见0.1.7-rc.2；https://github.com/deepseek-ai/deepseek-harness/commit/12c9dd599e73235408f03df5c9eb8ddbf1677c2a,"已原生支持(UI本地化);Host自动获得(reason语言)。审批UI已双语，NativeInteractions传递Host reason，未替Agent重写reason；基线 37fc3d0：[src/host/native-interactions.ts:3](https://github.com/Hilbert-beinghappy/seektty/blob/37fc3d0678a81ddef4f0bb0da215df21572d552c/src/host/native-interactions.ts#L3)；[src/client/approval-preview.ts:1](https://github.com/Hilbert-beinghappy/seektty/blob/37fc3d0678a81ddef4f0bb0da215df21572d552c/src/client/approval-preview.ts#L1)；[src/client/locale.ts:1](https://github.com/Hilbert-beinghappy/seektty/blob/37fc3d0678a81ddef4f0bb0da215df21572d552c/src/client/locale.ts#L1)
发布包R0：1.2.6基于dsh rc.1，本项新版语义未独立认证。
并行B?：用户本地适配进行中，未推送进度不可见；实施前比对活动分支。",src/host/native-interactions.ts:3；src/client/approval-preview.ts:1；src/client/locale.ts:1,消费官方用户问题语言reason；只本地化UI说明，禁止自动翻译改变审批范围,中问英UI/英问中UI、无reason、风险说明与原始命令对应,P1,审批与问答核心旅程历史通过；全本地化需核,既有TUI能力；新版回归待E,可信integration串行整合；未知A/C内容未采纳,固定4session成果已交；公共接线由E完成，不再等待停止worker,沿用原矩阵接入方案，补目标Host证据；未证明不标完成,205207c全局候选：241files/2369pass/1既有Clarify skip，typecheck/build/pack55/source-lib23一致；stock生命周期/默认privacy/Hostfiles watch PTY通过。逐项历史证据及未测边界保留；全局门禁不是127项逐项PTY认证。 该行既有记录：4433deb full2181pass1skip/Node24 typecheck/build/pack37/23lib identical/official stock lifecycle passed. Same tarball16cf416b60244e569673550a3862c3fb79f5917274520c6401f0b2fb210e53ab; aggregate gates are not individual feature or cross-platform certification. Same package terminal26 and management17 PTY passed; individual row boundaries remain.,; .artifacts/p1-4433deb/candidate.json; .artifacts/final-full-4433deb.log; docs/integration-acceptance-2026-09-30.md; .artifacts/p1-4433deb/terminal-pty.log; .artifacts/p1-4433deb/management-pty.log,"Source/module checks, composed service checks, historical fixed-package PTY and final-package gates are separate. Only explicitly named journeys count as PTY; no inference from total test count."
103,F104 异步限时问答与迟到回答,"已发布预发布版0.2.0-rc.2；首见0.1.7-rc.2；https://github.com/deepseek-ai/deepseek-harness/commit/13de94764b021870eb7a00fa7848d0c89779cf2e
https://github.com/deepseek-ai/deepseek-harness/commit/a64eaf0b5ec54e9b25ceead6110aebce54c5e3ae
https://github.com/deepseek-ai/deepseek-harness/commit/1afcc03ff954dae6b7dc975369c7ca0c9f78d6b4
https://github.com/deepseek-ai/deepseek-harness/commit/3e973e689a573da6ac9ef44968ae6f41b7727543","必须改代码;待稳定(显式opt-in)。当前question是单次pending→answered/cancelled；结束即删除pending，没有双结算迟到answer合同；基线 37fc3d0：[src/host/native-interactions.ts:4](https://github.com/Hilbert-beinghappy/seektty/blob/37fc3d0678a81ddef4f0bb0da215df21572d552c/src/host/native-interactions.ts#L4)；[vendor/api-contract/api/questions.schema.js:1](https://github.com/Hilbert-beinghappy/seektty/blob/37fc3d0678a81ddef4f0bb0da215df21572d552c/vendor/api-contract/api/questions.schema.js#L1)；[src/client/actions.ts:5042](https://github.com/Hilbert-beinghappy/seektty/blob/37fc3d0678a81ddef4f0bb0da215df21572d552c/src/client/actions.ts#L5042)
发布包R0：1.2.6基于dsh rc.1，本项新版语义未独立认证。
并行B?：用户本地适配进行中，未推送进度不可见；实施前比对活动分支。",src/host/native-interactions.ts:4；vendor/api-contract/api/questions.schema.js:1；src/client/actions.ts:5042,按最终replacement而非已revert尝试迁移timer/awaiting/late-answer身份；默认保持旧同步行为，只有明确Host opt-in才开放,timeout后Agent继续、late answer仍落盘、重复提交、重连/owner切换、UI dismissal≠取消，未知状态不得自动回答,P2,00dba96未逐项证明完整支持,Public /questions retained controller/projection/exact live root/strict descriptor-gated answer; foreground native wait.callId/timed + attachWait Host remainingMs/countdown + authentic ASK_TIMED_OUT wired,可信integration串行整合；未知A/C内容未采纳,固定4session成果已交；公共接线由E完成，不再等待停止worker,Independent 60adec9 same-package early-answer and timeout→continued→queued→Agent-admitted/settled journeys passed; final unified candidate regression pending. Agent-discard and reconnect boundary not separately PTY certified.,205207c全局候选：241files/2369pass/1既有Clarify skip，typecheck/build/pack55/source-lib23一致；stock生命周期/默认privacy/Hostfiles watch PTY通过。逐项历史证据及未测边界保留；全局门禁不是127项逐项PTY认证。 该行既有记录：4433deb full2181pass1skip/Node24 typecheck/build/pack37/23lib identical/official stock lifecycle passed. Same tarball16cf416b60244e569673550a3862c3fb79f5917274520c6401f0b2fb210e53ab; aggregate gates are not individual feature or cross-platform certification. Same package terminal26 and management17 PTY passed; individual row boundaries remain.,60adec91; docs/f104-public-wiring-2026-09-30.md independently reported question journeys; SHA256 35df45da16d3de553b419d1f0125a3b691cf7b59c5277d0f7a77302c53022822; .artifacts/p1-4433deb/candidate.json; .artifacts/final-full-4433deb.log; docs/integration-acceptance-2026-09-30.md; .artifacts/p1-4433deb/terminal-pty.log; .artifacts/p1-4433deb/management-pty.log,"Source/module checks, composed service checks, historical fixed-package PTY and final-package gates are separate. Only explicitly named journeys count as PTY; no inference from total test count."
104,F105 过大会话请求扩展不阻塞模型请求,已发布预发布版0.2.0-rc.2；首见0.1.7-rc.2；https://github.com/deepseek-ai/deepseek-harness/commit/193f9ce413077564c58fb7c1aeb6141f4a4a163c,"Host自动获得(需P0兼容完成)。模型request extensions属于官方DeepSeek adapter，TUI不组装真实模型请求；基线 37fc3d0：[src/host/api-compat.ts:1](https://github.com/Hilbert-beinghappy/seektty/blob/37fc3d0678a81ddef4f0bb0da215df21572d552c/src/host/api-compat.ts#L1)；[src/client/native-assistant-stream.ts:1](https://github.com/Hilbert-beinghappy/seektty/blob/37fc3d0678a81ddef4f0bb0da215df21572d552c/src/client/native-assistant-stream.ts#L1)
发布包R0：1.2.6基于dsh rc.1，本项新版语义未独立认证。
并行B?：用户本地适配进行中，未推送进度不可见；实施前比对活动分支。",src/host/api-compat.ts:1；src/client/native-assistant-stream.ts:1,更新Host后沿用官方跳过/限量扩展策略；terminal只展示可用错误/诊断，不重新展开大会话,超大Session启动延迟、正常流式请求不被阻塞、无真实key的fixture回归,P1,依赖升级允许继承，实际装配/表现仍需核验,Host继承候选；装配/投影回归待E,可信integration串行整合；未知A/C内容未采纳,固定4session成果已交；公共接线由E完成，不再等待停止worker,沿用原矩阵接入方案，补目标Host证据；未证明不标完成,205207c全局候选：241files/2369pass/1既有Clarify skip，typecheck/build/pack55/source-lib23一致；stock生命周期/默认privacy/Hostfiles watch PTY通过。逐项历史证据及未测边界保留；全局门禁不是127项逐项PTY认证。 该行既有记录：4433deb full2181pass1skip/Node24 typecheck/build/pack37/23lib identical/official stock lifecycle passed. Same tarball16cf416b60244e569673550a3862c3fb79f5917274520c6401f0b2fb210e53ab; aggregate gates are not individual feature or cross-platform certification. Same package terminal26 and management17 PTY passed; individual row boundaries remain.,; .artifacts/p1-4433deb/candidate.json; .artifacts/final-full-4433deb.log; docs/integration-acceptance-2026-09-30.md; .artifacts/p1-4433deb/terminal-pty.log; .artifacts/p1-4433deb/management-pty.log,"Source/module checks, composed service checks, historical fixed-package PTY and final-package gates are separate. Only explicitly named journeys count as PTY; no inference from total test count."
105,F106 折叠web fetch卡直接打开URL,已发布预发布版0.2.0-rc.2；首见0.1.7-rc.2；https://github.com/deepseek-ai/deepseek-harness/commit/7bd17809e365983d924a1487895806b3f474b7bd,"必须改代码(可选TUI动作);已有工具卡。有web tool card与上下文动作，但不能假设上游Web折叠行点击自动映射终端；基线 37fc3d0：[src/host/tool-presentation.ts:1](https://github.com/Hilbert-beinghappy/seektty/blob/37fc3d0678a81ddef4f0bb0da215df21572d552c/src/host/tool-presentation.ts#L1)；[src/client/context-actions.ts:1](https://github.com/Hilbert-beinghappy/seektty/blob/37fc3d0678a81ddef4f0bb0da215df21572d552c/src/client/context-actions.ts#L1)；[src/client/transcript.ts:1](https://github.com/Hilbert-beinghappy/seektty/blob/37fc3d0678a81ddef4f0bb0da215df21572d552c/src/client/transcript.ts#L1)
发布包R0：1.2.6基于dsh rc.1，本项新版语义未独立认证。
并行B?：用户本地适配进行中，未推送进度不可见；实施前比对活动分支。",src/host/tool-presentation.ts:1；src/client/context-actions.ts:1；src/client/transcript.ts:1,使用官方call presenter提供的URL，在现有语义命中区域增加open/copy动作；折叠标题与展开命中分离,恶意URL/控制字符、鼠标点击与键盘选择、折叠下操作不触发执行工具,P1,00dba96未逐项证明完整支持,Source public URL hit/context/keyboard wiring integrated; source integrated; individual package boundaries below,可信integration串行整合；未知A/C内容未采纳,固定4session成果已交；公共接线由E完成，不再等待停止worker,Final same-package full-mode pointer/narrow/stale-frame and native keyboard PTY acceptance; native terminal scrollback has no package-owned mouse coordinates.,205207c全局候选：241files/2369pass/1既有Clarify skip，typecheck/build/pack55/source-lib23一致；stock生命周期/默认privacy/Hostfiles watch PTY通过。逐项历史证据及未测边界保留；全局门禁不是127项逐项PTY认证。 该行既有记录：4433deb full2181pass1skip/Node24 typecheck/build/pack37/23lib identical/official stock lifecycle passed. Same tarball16cf416b60244e569673550a3862c3fb79f5917274520c6401f0b2fb210e53ab; aggregate gates are not individual feature or cross-platform certification. Same package terminal26 and management17 PTY passed; individual row boundaries remain.,b55dc12 module; tests/transcript.test.ts; tests/safe-url-opener.test.ts; .artifacts/fetch-title-public-wiring.log: 181/8 files + tsc; docs/f106-public-wiring-2026-09-30.md; .artifacts/p1-4433deb/candidate.json; .artifacts/final-full-4433deb.log; docs/integration-acceptance-2026-09-30.md; .artifacts/p1-4433deb/terminal-pty.log; .artifacts/p1-4433deb/management-pty.log,"Source/module checks, composed service checks, historical fixed-package PTY and final-package gates are separate. Only explicitly named journeys count as PTY; no inference from total test count."
106,F107 精简标准模式工具约束提示,已发布预发布版0.2.0-rc.2；首见0.1.7-rc.2；https://github.com/deepseek-ai/deepseek-harness/commit/c8631b2064f16ea5629fc594ed88ad2777e9a8c7,"Host自动获得;需核对定制prompt冲突。工具schema/描述来自Host，但Bundle有personaPrefix与preset组合定制；基线 37fc3d0：[cordis.patch.yml:1](https://github.com/Hilbert-beinghappy/seektty/blob/37fc3d0678a81ddef4f0bb0da215df21572d552c/cordis.patch.yml#L1)；[src/host/tool-presentation.ts:1](https://github.com/Hilbert-beinghappy/seektty/blob/37fc3d0678a81ddef4f0bb0da215df21572d552c/src/host/tool-presentation.ts#L1)
发布包R0：1.2.6基于dsh rc.1，本项新版语义未独立认证。
并行B?：用户本地适配进行中，未推送进度不可见；实施前比对活动分支。",cordis.patch.yml:1；src/host/tool-presentation.ts:1,保留合理定制，逐patch核对不重新添加已删除冗长约束；不在TUI硬编码官方prompt副本,standard/Creator工具目录与system prompt检查、功能协议约束仍在、不擅自改用户风格,P1,依赖升级允许继承，实际装配/表现仍需核验,Host继承候选；装配/投影回归待E,可信integration串行整合；未知A/C内容未采纳,固定4session成果已交；公共接线由E完成，不再等待停止worker,沿用原矩阵接入方案，补目标Host证据；未证明不标完成,205207c全局候选：241files/2369pass/1既有Clarify skip，typecheck/build/pack55/source-lib23一致；stock生命周期/默认privacy/Hostfiles watch PTY通过。逐项历史证据及未测边界保留；全局门禁不是127项逐项PTY认证。 该行既有记录：4433deb full2181pass1skip/Node24 typecheck/build/pack37/23lib identical/official stock lifecycle passed. Same tarball16cf416b60244e569673550a3862c3fb79f5917274520c6401f0b2fb210e53ab; aggregate gates are not individual feature or cross-platform certification. Same package terminal26 and management17 PTY passed; individual row boundaries remain.,; .artifacts/p1-4433deb/candidate.json; .artifacts/final-full-4433deb.log; docs/integration-acceptance-2026-09-30.md; .artifacts/p1-4433deb/terminal-pty.log; .artifacts/p1-4433deb/management-pty.log,"Source/module checks, composed service checks, historical fixed-package PTY and final-package gates are separate. Only explicitly named journeys count as PTY; no inference from total test count."
107,F108 Windows目录链接使用resolved target,已发布预发布版0.2.0-rc.2；首见0.1.7-rc.2；https://github.com/deepseek-ai/deepseek-harness/commit/6e45fd5bea150f40a666801b59772393543c96e7,"Host自动获得(读路径);需核对本地路径快捷功能。官方workspace-files/openPath路径与部分本地展示路径分开；基线 37fc3d0：[src/client/workspace-path.ts:1](https://github.com/Hilbert-beinghappy/seektty/blob/37fc3d0678a81ddef4f0bb0da215df21572d552c/src/client/workspace-path.ts#L1)；[src/client/capabilities.ts:1485](https://github.com/Hilbert-beinghappy/seektty/blob/37fc3d0678a81ddef4f0bb0da215df21572d552c/src/client/capabilities.ts#L1485)；[src/host/native-api-dispatch.ts:50](https://github.com/Hilbert-beinghappy/seektty/blob/37fc3d0678a81ddef4f0bb0da215df21572d552c/src/host/native-api-dispatch.ts#L50)
发布包R0：1.2.6基于dsh rc.1，本项新版语义未独立认证。
并行B?：用户本地适配进行中，未推送进度不可见；实施前比对活动分支。",src/client/workspace-path.ts:1；src/client/capabilities.ts:1485；src/host/native-api-dispatch.ts:50,Host resolved-target修复直接保留；终端附加/打开/导出如依赖本地fs需确认symlink和远端路径边界，不自行猜真实目标,Windows junction/目录symlink/权限外target/中文路径，展示路径≠写入授权根,P1,依赖升级允许继承，实际装配/表现仍需核验,Host继承候选；装配/投影回归待E,可信integration串行整合；未知A/C内容未采纳,固定4session成果已交；公共接线由E完成，不再等待停止worker,沿用原矩阵接入方案，补目标Host证据；未证明不标完成,205207c全局候选：241files/2369pass/1既有Clarify skip，typecheck/build/pack55/source-lib23一致；stock生命周期/默认privacy/Hostfiles watch PTY通过。逐项历史证据及未测边界保留；全局门禁不是127项逐项PTY认证。 该行既有记录：4433deb full2181pass1skip/Node24 typecheck/build/pack37/23lib identical/official stock lifecycle passed. Same tarball16cf416b60244e569673550a3862c3fb79f5917274520c6401f0b2fb210e53ab; aggregate gates are not individual feature or cross-platform certification. Same package terminal26 and management17 PTY passed; individual row boundaries remain.,; .artifacts/p1-4433deb/candidate.json; .artifacts/final-full-4433deb.log; docs/integration-acceptance-2026-09-30.md; .artifacts/p1-4433deb/terminal-pty.log; .artifacts/p1-4433deb/management-pty.log,"Source/module checks, composed service checks, historical fixed-package PTY and final-package gates are separate. Only explicitly named journeys count as PTY; no inference from total test count."
108,F109 默认模型设置后台保存,已发布预发布版0.2.0-rc.2；首见0.1.7-rc.2；https://github.com/deepseek-ai/deepseek-harness/commit/24f28dfdb61565b4117c35667817612aa236b5c6,"Host自动获得;必须改代码(Settings地址兼容)。当前session model选择调用官方Remote并读取目录，不应自行阻塞等默认值落盘；基线 37fc3d0：[src/client/capabilities.ts:886](https://github.com/Hilbert-beinghappy/seektty/blob/37fc3d0678a81ddef4f0bb0da215df21572d552c/src/client/capabilities.ts#L886)；[src/host/native-api-dispatch.ts:37](https://github.com/Hilbert-beinghappy/seektty/blob/37fc3d0678a81ddef4f0bb0da215df21572d552c/src/host/native-api-dispatch.ts#L37)；[src/client/actions.ts:517](https://github.com/Hilbert-beinghappy/seektty/blob/37fc3d0678a81ddef4f0bb0da215df21572d552c/src/client/actions.ts#L517)
发布包R0：1.2.6基于dsh rc.1，本项新版语义未独立认证。
并行B?：用户本地适配进行中，未推送进度不可见；实施前比对活动分支。",src/client/capabilities.ts:886；src/host/native-api-dispatch.ts:37；src/client/actions.ts:517,P0 Settings迁移后核对新selectModel返回和异步默认保存事件，区分当前选择成功与默认持久化失败,快速连续选模型、失败回滚、重启默认、活动Agent model切换时序,P0,Settings/Provider保存历史通过；新地址与竞争窗口待A,Native descriptor settingsNs/settingsPath routes and CAS guard integrated; custom Provider instances validated,可信integration串行整合；未知A/C内容未采纳,固定4session成果已交；公共接线由E完成，不再等待停止worker,"Final candidate regression and original feature-specific risk boundaries apply; whole-suite/stock pass is not per-feature inference or cross-platform proof. Final4433deb management17 includes actual mounted Settings save/reset, custom Provider create/discover/edit/routing/delete and Profile persistence; not every multi-instance/race branch is PTY-tested.",205207c全局候选：241files/2369pass/1既有Clarify skip，typecheck/build/pack55/source-lib23一致；stock生命周期/默认privacy/Hostfiles watch PTY通过。逐项历史证据及未测边界保留；全局门禁不是127项逐项PTY认证。 该行既有记录：4433deb full2181pass1skip/Node24 typecheck/build/pack37/23lib identical/official stock lifecycle passed. Same tarball16cf416b60244e569673550a3862c3fb79f5917274520c6401f0b2fb210e53ab; aggregate gates are not individual feature or cross-platform certification. Same package terminal26 and management17 PTY passed; individual row boundaries remain.,998ec88; tests/provider-instances.test.js; tests/provider-write-guard.test.js; .artifacts/p1-4433deb/candidate.json; .artifacts/final-full-4433deb.log; docs/integration-acceptance-2026-09-30.md; .artifacts/p1-4433deb/terminal-pty.log; .artifacts/p1-4433deb/management-pty.log,"Source/module checks, composed service checks, historical fixed-package PTY and final-package gates are separate. Only explicitly named journeys count as PTY; no inference from total test count."
109,F110 工具调度失败仍结算pending结果,已发布预发布版0.2.0-rc.2；首见0.2.0-rc.1；https://github.com/deepseek-ai/deepseek-harness/commit/67f648cf0ce3b031adbfca60d04c5bc68ecc8123,"Host自动获得(故障结算);必须核对UI unknown结果。TUI消费官方tool/result与settled状态；已有错误建议和resync；基线 37fc3d0：[src/client/native-assistant-stream.ts:19](https://github.com/Hilbert-beinghappy/seektty/blob/37fc3d0678a81ddef4f0bb0da215df21572d552c/src/client/native-assistant-stream.ts#L19)；[src/client/error-advice.ts:1](https://github.com/Hilbert-beinghappy/seektty/blob/37fc3d0678a81ddef4f0bb0da215df21572d552c/src/client/error-advice.ts#L1)；[src/client/transcript.ts:1](https://github.com/Hilbert-beinghappy/seektty/blob/37fc3d0678a81ddef4f0bb0da215df21572d552c/src/client/transcript.ts#L1)
发布包R0：1.2.6基于dsh rc.1，本项新版语义未独立认证。
并行B?：用户本地适配进行中，未推送进度不可见；实施前比对活动分支。",src/client/native-assistant-stream.ts:19；src/client/error-advice.ts:1；src/client/transcript.ts:1,保持pending结算，不把unknown执行结果显示为没执行；建议应提醒先核验side effects，禁盲重试，扩展error映射,tool dispatch部分成功后失败、worker崩溃、重启恢复、未知call outcome不会卡住busy也不会自动重跑,P1,依赖升级允许继承，实际装配/表现仍需核验,Flat error bodies and empty results reach actual vendor view nodes; final live/cold package journey pending,可信integration串行整合；未知A/C内容未采纳,固定4session成果已交；公共接线由E完成，不再等待停止worker,Complete final immutable-package acceptance and independent review; retain original row risk requirements.,205207c全局候选：241files/2369pass/1既有Clarify skip，typecheck/build/pack55/source-lib23一致；stock生命周期/默认privacy/Hostfiles watch PTY通过。逐项历史证据及未测边界保留；全局门禁不是127项逐项PTY认证。 该行既有记录：4433deb full2181pass1skip/Node24 typecheck/build/pack37/23lib identical/official stock lifecycle passed. Same tarball16cf416b60244e569673550a3862c3fb79f5917274520c6401f0b2fb210e53ab; aggregate gates are not individual feature or cross-platform certification. Same package terminal26 and management17 PTY passed; individual row boundaries remain.,ca5c627; tests/native-projection-domains.test.js; .artifacts/p1-4433deb/candidate.json; .artifacts/final-full-4433deb.log; docs/integration-acceptance-2026-09-30.md; .artifacts/p1-4433deb/terminal-pty.log; .artifacts/p1-4433deb/management-pty.log,"Source/module checks, composed service checks, historical fixed-package PTY and final-package gates are separate. Only explicitly named journeys count as PTY; no inference from total test count."
110,F111 账号模型网页搜索无需额外API Key,已发布预发布版0.2.0-rc.2；首见0.2.0-rc.1；https://github.com/deepseek-ai/deepseek-harness/commit/94a9b4d70069a54f868da0a936ae0a35ca8a2a17,"Host可选路由自动获得;未核实账号装配。Provider管理与通用web-search设置存在，但账号route依赖官方account服务装配；基线 37fc3d0：[src/client/provider-manager.ts:1](https://github.com/Hilbert-beinghappy/seektty/blob/37fc3d0678a81ddef4f0bb0da215df21572d552c/src/client/provider-manager.ts#L1)；[src/client/settings.ts:1](https://github.com/Hilbert-beinghappy/seektty/blob/37fc3d0678a81ddef4f0bb0da215df21572d552c/src/client/settings.ts#L1)；[src/client/capabilities.ts:844](https://github.com/Hilbert-beinghappy/seektty/blob/37fc3d0678a81ddef4f0bb0da215df21572d552c/src/client/capabilities.ts#L844)
发布包R0：1.2.6基于dsh rc.1，本项新版语义未独立认证。
并行B?：用户本地适配进行中，未推送进度不可见；实施前比对活动分支。",src/client/provider-manager.ts:1；src/client/settings.ts:1；src/client/capabilities.ts:844,不要为账号网页搜索强制另填API Key；通过官方route/config能力判断，仅对对应provider显示设置,account vs API Key模型、无搜索key、logout/余额/网络错误；本次未真账号验证,P2,依赖升级允许继承，实际装配/表现仍需核验,Native account/model routes queried without forcing an extra API key; real account inference not tested,可信integration串行整合；未知A/C内容未采纳,固定4session成果已交；公共接线由E完成，不再等待停止worker,Synthetic account refusal/unknown-state PTY passed at60adec9. Real sign-in/account web-search invocation excluded; no real credentials or external requests.,205207c全局候选：241files/2369pass/1既有Clarify skip，typecheck/build/pack55/source-lib23一致；stock生命周期/默认privacy/Hostfiles watch PTY通过。逐项历史证据及未测边界保留；全局门禁不是127项逐项PTY认证。 该行既有记录：4433deb full2181pass1skip/Node24 typecheck/build/pack37/23lib identical/official stock lifecycle passed. Same tarball16cf416b60244e569673550a3862c3fb79f5917274520c6401f0b2fb210e53ab; aggregate gates are not individual feature or cross-platform certification. Same package terminal26 and management17 PTY passed; individual row boundaries remain.,; .artifacts/p1-4433deb/candidate.json; .artifacts/final-full-4433deb.log; docs/integration-acceptance-2026-09-30.md; .artifacts/p1-4433deb/terminal-pty.log; .artifacts/p1-4433deb/management-pty.log,"Source/module checks, composed service checks, historical fixed-package PTY and final-package gates are separate. Only explicitly named journeys count as PTY; no inference from total test count."
111,F112 PowerShell完成检测及尾部等待,"已发布预发布版0.2.0-rc.2；首见0.1.7-alpha.2；https://github.com/deepseek-ai/deepseek-harness/commit/f5d7de2a01515bafed5a3a18052cd1ae6ff268c3
https://github.com/deepseek-ai/deepseek-harness/commit/21638c56315ae6a2b552d6091945d3144c9af32e
https://github.com/deepseek-ai/deepseek-harness/commit/b5f8cea6dcb3dafe81df59f7bb6d54e925133aaf","Host自动获得(需P0兼容完成)。PowerShell/terminal-bash执行完成检测在Host，TUI只呈现call/result与后台job；基线 37fc3d0：[src/host/tool-presentation.ts:1](https://github.com/Hilbert-beinghappy/seektty/blob/37fc3d0678a81ddef4f0bb0da215df21572d552c/src/host/tool-presentation.ts#L1)；[src/client/transcript.ts:1](https://github.com/Hilbert-beinghappy/seektty/blob/37fc3d0678a81ddef4f0bb0da215df21572d552c/src/client/transcript.ts#L1)；[src/client/job-control.ts:1](https://github.com/Hilbert-beinghappy/seektty/blob/37fc3d0678a81ddef4f0bb0da215df21572d552c/src/client/job-control.ts#L1)
发布包R0：1.2.6基于dsh rc.1，本项新版语义未独立认证。
并行B?：用户本地适配进行中，未推送进度不可见；实施前比对活动分支。",src/host/tool-presentation.ts:1；src/client/transcript.ts:1；src/client/job-control.ts:1,不自行解析提示符或exit-code marker；接受官方settled/result与bounded tail,Windows含尾空格marker、长尾stdout、并发job、非零exit、cancel不丢最后可见输出,P1,依赖升级允许继承，实际装配/表现仍需核验,Host继承候选；装配/投影回归待E,可信integration串行整合；未知A/C内容未采纳,固定4session成果已交；公共接线由E完成，不再等待停止worker,沿用原矩阵接入方案，补目标Host证据；未证明不标完成,205207c全局候选：241files/2369pass/1既有Clarify skip，typecheck/build/pack55/source-lib23一致；stock生命周期/默认privacy/Hostfiles watch PTY通过。逐项历史证据及未测边界保留；全局门禁不是127项逐项PTY认证。 该行既有记录：4433deb full2181pass1skip/Node24 typecheck/build/pack37/23lib identical/official stock lifecycle passed. Same tarball16cf416b60244e569673550a3862c3fb79f5917274520c6401f0b2fb210e53ab; aggregate gates are not individual feature or cross-platform certification. Same package terminal26 and management17 PTY passed; individual row boundaries remain.,; .artifacts/p1-4433deb/candidate.json; .artifacts/final-full-4433deb.log; docs/integration-acceptance-2026-09-30.md; .artifacts/p1-4433deb/terminal-pty.log; .artifacts/p1-4433deb/management-pty.log,"Source/module checks, composed service checks, historical fixed-package PTY and final-package gates are separate. Only explicitly named journeys count as PTY; no inference from total test count."
112,F113 Windows开发Git hooks安装锁与文档清理,已发布预发布版0.2.0-rc.2；首见0.2.0-rc.1；https://github.com/deepseek-ai/deepseek-harness/commit/719b86f8703df3e14d6d93fda06281d96671451e,"不适用(上游开发Git hooks/文档清理)。上游改的是scripts/install-lefthook.mjs的worktree安装锁，不是Harness运行时hooks；SeekTTY未使用该上游开发脚本；基线 37fc3d0：[package.json:1](https://github.com/Hilbert-beinghappy/seektty/blob/37fc3d0678a81ddef4f0bb0da215df21572d552c/package.json#L1)；[AGENTS.md:1](https://github.com/Hilbert-beinghappy/seektty/blob/37fc3d0678a81ddef4f0bb0da215df21572d552c/AGENTS.md#L1)
发布包R0：1.2.6基于dsh rc.1，本项新版语义未独立认证。
并行B?：用户本地适配进行中，未推送进度不可见；实施前比对活动分支。",package.json:1,无需移植到发布TUI；若开发工作区采用同类Lefthook安装器可单独参考；Figma链接清理不计新功能,Windows Git worktree并发install锁仅是开发验收，不能宣称用户运行时hook可靠性自动提升,,原矩阵明确终端不适用；部分等价能力按原文保留,终端不适用（按原矩阵具体理由）,可信integration串行整合；未知A/C内容未采纳,固定4session成果已交；公共接线由E完成，不再等待停止worker,不适用(上游开发Git hooks/文档清理)。上游改的是package.json; lefthook.yml的worktree安装锁，不是Harness运行时hooks；SeekTTY未使用该上游开发脚本；基线 37fc3d0：[package.json:1](https://github.com/Hilbert-beinghappy/seektty/blob/37fc3d0678a81ddef4f0bb0da215df21572d552c/package.json#L1)；[AGENTS.md:1](https://github.com/Hilbert-beinghappy/seektty/blob/37fc3d0678a81ddef4f0bb0da215df21572d552c/AGENTS.md#L1),205207c全局候选：241files/2369pass/1既有Clarify skip，typecheck/build/pack55/source-lib23一致；stock生命周期/默认privacy/Hostfiles watch PTY通过。逐项历史证据及未测边界保留；全局门禁不是127项逐项PTY认证。 该行既有记录：4433deb full2181pass1skip/Node24 typecheck/build/pack37/23lib identical/official stock lifecycle passed. Same tarball16cf416b60244e569673550a3862c3fb79f5917274520c6401f0b2fb210e53ab; aggregate gates are not individual feature or cross-platform certification. Same package terminal26 and management17 PTY passed; individual row boundaries remain.,; .artifacts/p1-4433deb/candidate.json; .artifacts/final-full-4433deb.log; docs/integration-acceptance-2026-09-30.md; .artifacts/p1-4433deb/terminal-pty.log; .artifacts/p1-4433deb/management-pty.log,"Source/module checks, composed service checks, historical fixed-package PTY and final-package gates are separate. Only explicitly named journeys count as PTY; no inference from total test count."
113,F114 Webworker预览打开配置与加载插件管理,已发布预发布版0.2.0-rc.2；首见0.2.0-rc.1；https://github.com/deepseek-ai/deepseek-harness/commit/805cb207beb4805a6222daf3c1804278cfb12f35,官方Browser WebWorker preview的VFS/config-worker/React配置开预览和加载语义不能复用为Node Host；TUI不伪造worker或宣称直接消费Web DOM。,src/client/auxiliary-runtime-remote.ts:1；src/client/actions.ts:1；src/host/marketplace-provider.ts:1,沿用可选能力探测；仅适配终端可调用的open/config/plugin结果，browser预览留官方；不默认拉webworker依赖,未装配/旧版/新方法未知均失败关闭，取消/关闭清理，不把所有auxiliary runtime视为同一个协议,P2,00dba96未逐项证明完整支持,真正终端N/A：浏览器WebWorker preview,可信integration串行整合；未知A/C内容未采纳,固定4session原worktree：E公共整合，D审批/语音，S02文件与观察，独立review；无新增窗口,浏览器VFS/config-worker/React preview专属，不创建无实现通用接口；已有auxiliary usage不是该功能实现。,Terminal N/A；依据浏览器专属合同，不以测试数量认证。,官方rc2 WebWorker preview合同;docs/remaining-terminal-adjudication-2026-09-30.md; 候选16a14965908f3068ce74c999d9a9ad280c3ec09e4bc50643677ce0f1acfd7e51,"Source/module checks, composed service checks, historical fixed-package PTY and final-package gates are separate. Only explicitly named journeys count as PTY; no inference from total test count."
114,F115 macOS/Linux桌面读取login shell环境,已发布预发布版0.2.0-rc.2；首见0.2.0-rc.2；https://github.com/deepseek-ai/deepseek-harness/commit/4f26143bf2b68c4c752ea0447ca4e12070317489,"不适用(Desktop GUI环境恢复)。终端launcher继承启动shell环境，版本探针保留正常环境；不是GUI启动进程；基线 37fc3d0：[src/bin.ts:201](https://github.com/Hilbert-beinghappy/seektty/blob/37fc3d0678a81ddef4f0bb0da215df21572d552c/src/bin.ts#L201)；[src/host/startup.ts:1](https://github.com/Hilbert-beinghappy/seektty/blob/37fc3d0678a81ddef4f0bb0da215df21572d552c/src/host/startup.ts#L1)
发布包R0：1.2.6基于dsh rc.1，本项新版语义未独立认证。
并行B?：用户本地适配进行中，未推送进度不可见；实施前比对活动分支。",src/bin.ts:201；src/host/startup.ts:1,不在每次TUI启动额外source login shell，以免重执行用户脚本；Desktop启的CLI按官方env传播验证,PATH/proxy/Node options、非交互shell、SSH环境不要被Desktop逻辑覆盖,,原矩阵明确终端不适用；部分等价能力按原文保留,终端不适用（按原矩阵具体理由）,可信integration串行整合；未知A/C内容未采纳,固定4session成果已交；公共接线由E完成，不再等待停止worker,不适用(Desktop GUI环境恢复)。终端launcher继承启动shell环境，版本探针保留正常环境；不是GUI启动进程；基线 37fc3d0：[src/bin.ts:201](https://github.com/Hilbert-beinghappy/seektty/blob/37fc3d0678a81ddef4f0bb0da215df21572d552c/src/bin.ts#L201)；[src/host/startup.ts:1](https://github.com/Hilbert-beinghappy/seektty/blob/37fc3d0678a81ddef4f0bb0da215df21572d552c/src/host/startup.ts#L1),205207c全局候选：241files/2369pass/1既有Clarify skip，typecheck/build/pack55/source-lib23一致；stock生命周期/默认privacy/Hostfiles watch PTY通过。逐项历史证据及未测边界保留；全局门禁不是127项逐项PTY认证。 该行既有记录：4433deb full2181pass1skip/Node24 typecheck/build/pack37/23lib identical/official stock lifecycle passed. Same tarball16cf416b60244e569673550a3862c3fb79f5917274520c6401f0b2fb210e53ab; aggregate gates are not individual feature or cross-platform certification. Same package terminal26 and management17 PTY passed; individual row boundaries remain.,; .artifacts/p1-4433deb/candidate.json; .artifacts/final-full-4433deb.log; docs/integration-acceptance-2026-09-30.md; .artifacts/p1-4433deb/terminal-pty.log; .artifacts/p1-4433deb/management-pty.log,"Source/module checks, composed service checks, historical fixed-package PTY and final-package gates are separate. Only explicitly named journeys count as PTY; no inference from total test count."
115,F116 桌面菜单安装和管理dsh CLI,已发布预发布版0.2.0-rc.2；首见0.2.0-rc.2；https://github.com/deepseek-ai/deepseek-harness/commit/1de97d1c100681642704e3b31a79b7a6a8446f29,"不适用(Desktop菜单);可选launcher兼容验证。deepseek launcher使用DSH_BIN或PATH dsh，已有Windows shim兼容；基线 37fc3d0：[src/bin.ts:1](https://github.com/Hilbert-beinghappy/seektty/blob/37fc3d0678a81ddef4f0bb0da215df21572d552c/src/bin.ts#L1)；[src/pnpm-compat.ts:1](https://github.com/Hilbert-beinghappy/seektty/blob/37fc3d0678a81ddef4f0bb0da215df21572d552c/src/pnpm-compat.ts#L1)
发布包R0：1.2.6基于dsh rc.1，本项新版语义未独立认证。
并行B?：用户本地适配进行中，未推送进度不可见；实施前比对活动分支。",src/bin.ts:1；src/pnpm-compat.ts:1,用户通过官方菜单启用CLI后，应验证launcher能发现bundled dsh；不要假定所有桌面安装已提供PATH命令或另装Node/pnpm,macOS/Windows菜单启停、PATH未设、DSH_BIN pinned、卸载desktop后的可理解错误,,原矩阵明确终端不适用；部分等价能力按原文保留,终端不适用（按原矩阵具体理由）,可信integration串行整合；未知A/C内容未采纳,固定4session成果已交；公共接线由E完成，不再等待停止worker,不适用(Desktop菜单);可选launcher兼容验证。deepseek launcher使用DSH_BIN或PATH dsh，已有Windows shim兼容；基线 37fc3d0：[src/bin.ts:1](https://github.com/Hilbert-beinghappy/seektty/blob/37fc3d0678a81ddef4f0bb0da215df21572d552c/src/bin.ts#L1)；[src/pnpm-compat.ts:1](https://github.com/Hilbert-beinghappy/seektty/blob/37fc3d0678a81ddef4f0bb0da215df21572d552c/src/pnpm-compat.ts#L1),205207c全局候选：241files/2369pass/1既有Clarify skip，typecheck/build/pack55/source-lib23一致；stock生命周期/默认privacy/Hostfiles watch PTY通过。逐项历史证据及未测边界保留；全局门禁不是127项逐项PTY认证。 该行既有记录：4433deb full2181pass1skip/Node24 typecheck/build/pack37/23lib identical/official stock lifecycle passed. Same tarball16cf416b60244e569673550a3862c3fb79f5917274520c6401f0b2fb210e53ab; aggregate gates are not individual feature or cross-platform certification. Same package terminal26 and management17 PTY passed; individual row boundaries remain.,; .artifacts/p1-4433deb/candidate.json; .artifacts/final-full-4433deb.log; docs/integration-acceptance-2026-09-30.md; .artifacts/p1-4433deb/terminal-pty.log; .artifacts/p1-4433deb/management-pty.log,"Source/module checks, composed service checks, historical fixed-package PTY and final-package gates are separate. Only explicitly named journeys count as PTY; no inference from total test count."
116,F117 SSH远端文件、Shell、PTC执行提供方,已发布预发布版0.2.0-rc.2；首见0.1.6-alpha.1；https://github.com/deepseek-ai/deepseek-harness/commit/a92ac9e9496f369a6a86ceaeb36478bc4ef5a27b,旧/files/context本机stat/readFile/resolve移除，Host canonicalroot与五文件端口；同名本机trap不读；externalopen经真实Host mapping，uploads保持客户端receipt。不自建SSH。,src/client/workspace-path.ts:1；src/client/produced-files.ts:1；src/client/capabilities.ts:1；src/host/native-api-dispatch.ts:39,不自建SSH；完成官方execution/world provider迁移后，用Host文件Remote处理远端路径，禁止把远端POSIX path当本机文件读写；支持官方认证交接,remote cwd/附件/导出/目录pick、SSH断连取消/cleanup、认证不落TUI配置、无本地同路径误读,P2,依赖升级允许继承，实际装配/表现仍需核验,Host执行世界file stat/read/readBytes/list/changes公共适配已交付,可信integration串行整合；未知A/C内容未采纳,固定4session原worktree：E公共整合，D审批/语音，S02文件与观察，独立review；无新增窗口,真实SSH连接/密钥/remote shell/PTC未测；已用合成remoteHTTP与官方LocalGateway验合同。SSH watchunsupported手动；原生path-basedTOCTOU边界保留。,205207c全局候选：241files/2369pass/1既有Clarify skip，typecheck/build/pack55/source-lib23一致；stock生命周期/默认privacy/Hostfiles watch PTY通过。逐项历史证据及未测边界保留；全局门禁不是127项逐项PTY认证。,fd2a775;9e878c6;04ad001;9f05e79;tests/workspace-files-public.test.js;真实Localwatch与remoteHTTP回归; 候选16a14965908f3068ce74c999d9a9ad280c3ec09e4bc50643677ce0f1acfd7e51,"Source/module checks, composed service checks, historical fixed-package PTY and final-package gates are separate. Only explicitly named journeys count as PTY; no inference from total test count."
117,F118 Computer Use原生/Cua Driver MCP提供方,"已发布预发布版0.2.0-rc.2；首见0.1.6-alpha.1；https://github.com/deepseek-ai/deepseek-harness/commit/771dd49a06c625c73e54311593c21369dc72f911
https://github.com/deepseek-ai/deepseek-harness/commit/af4ad05845219691bef9b633f91cbd96cb89772e",native Cua与Cua-driver-MCP独立companion；真实官方CuaMCP→ToolRuntime→权限/取消/Agent scope/截图附件合成fixture验，设备由官方provider持有。,src/host/native-interactions.ts:3；src/host/attachment-compat.ts:1；src/host/tool-presentation.ts:1,作为可选provider按官方Remote/工具合同接入，不默认启用控制电脑；截图走官方附件，权限和目标设备来源明确,目标电脑、截图字节/MIME、用户审批/撤销、无driver降级；不可宣称SeekTTY已能直接控制所有本机,P2,依赖升级允许继承，实际装配/表现仍需核验,官方Computer native/Cua-MCP两后端显式opt-in组合已交付,可信integration串行整合；未知A/C内容未采纳,固定4session原worktree：E公共整合，D审批/语音，S02文件与观察，独立review；无新增窗口,真实Cua SDK/OS权限/桌面动作未执行；inert官方runtime权限/取消/图片附件回归不是实际设备验收，取消不回滚已完成OS操作。,205207c全局候选：241files/2369pass/1既有Clarify skip，typecheck/build/pack55/source-lib23一致；stock生命周期/默认privacy/Hostfiles watch PTY通过。逐项历史证据及未测边界保留；全局门禁不是127项逐项PTY认证。,40123d1;optional/computer-*.patch.yml;tests/optional-provider-host.test.js; 候选16a14965908f3068ce74c999d9a9ad280c3ec09e4bc50643677ce0f1acfd7e51,"Source/module checks, composed service checks, historical fixed-package PTY and final-package gates are separate. Only explicitly named journeys count as PTY; no inference from total test count."
118,F119 Sandbox与Shell准备阶段异步可取消,已发布预发布版0.2.0-rc.2；首见0.1.6-alpha.1；https://github.com/deepseek-ai/deepseek-harness/commit/a92ac9e9496f369a6a86ceaeb36478bc4ef5a27b,"Host自动获得(执行层);必须核对取消呈现。sandbox/shell准备由Host执行，TUI委托cancel并展示准备/运行状态；基线 37fc3d0：[src/client/capabilities.ts:386](https://github.com/Hilbert-beinghappy/seektty/blob/37fc3d0678a81ddef4f0bb0da215df21572d552c/src/client/capabilities.ts#L386)；[src/host/native-api-dispatch.ts:1](https://github.com/Hilbert-beinghappy/seektty/blob/37fc3d0678a81ddef4f0bb0da215df21572d552c/src/host/native-api-dispatch.ts#L1)；[src/client/pending-status.ts:1](https://github.com/Hilbert-beinghappy/seektty/blob/37fc3d0678a81ddef4f0bb0da215df21572d552c/src/client/pending-status.ts#L1)
发布包R0：1.2.6基于dsh rc.1，本项新版语义未独立认证。
并行B?：用户本地适配进行中，未推送进度不可见；实施前比对活动分支。",src/client/capabilities.ts:386；src/host/native-api-dispatch.ts:1；src/client/pending-status.ts:1,不直接调用旧同步confine/start；保持官方async signal传递，准备阶段在UI显示为可取消但不是已执行,准备中cancel、timeout计入prepare、late start不得执行；不可把cancelled准备写成成功tool结果,P1,依赖升级允许继承，实际装配/表现仍需核验,Host继承候选；装配/投影回归待E,可信integration串行整合；未知A/C内容未采纳,固定4session成果已交；公共接线由E完成，不再等待停止worker,沿用原矩阵接入方案，补目标Host证据；未证明不标完成,205207c全局候选：241files/2369pass/1既有Clarify skip，typecheck/build/pack55/source-lib23一致；stock生命周期/默认privacy/Hostfiles watch PTY通过。逐项历史证据及未测边界保留；全局门禁不是127项逐项PTY认证。 该行既有记录：4433deb full2181pass1skip/Node24 typecheck/build/pack37/23lib identical/official stock lifecycle passed. Same tarball16cf416b60244e569673550a3862c3fb79f5917274520c6401f0b2fb210e53ab; aggregate gates are not individual feature or cross-platform certification. Same package terminal26 and management17 PTY passed; individual row boundaries remain.,; .artifacts/p1-4433deb/candidate.json; .artifacts/final-full-4433deb.log; docs/integration-acceptance-2026-09-30.md; .artifacts/p1-4433deb/terminal-pty.log; .artifacts/p1-4433deb/management-pty.log,"Source/module checks, composed service checks, historical fixed-package PTY and final-package gates are separate. Only explicitly named journeys count as PTY; no inference from total test count."
119,F120 Node PTC按次timeout与隔离限额,已发布预发布版0.2.0-rc.2；首见0.1.6-alpha.1；https://github.com/deepseek-ai/deepseek-harness/commit/a92ac9e9496f369a6a86ceaeb36478bc4ef5a27b,"必须改代码(P0旧runtime装配);Host执行语义自动。patch和依赖含旧code-runtime-worker-thread/workflow-worker-thread，目标版已退休；run_code展示可走通用工具；基线 37fc3d0：[cordis.patch.yml:1](https://github.com/Hilbert-beinghappy/seektty/blob/37fc3d0678a81ddef4f0bb0da215df21572d552c/cordis.patch.yml#L1)；[package.json:1](https://github.com/Hilbert-beinghappy/seektty/blob/37fc3d0678a81ddef4f0bb0da215df21572d552c/package.json#L1)；[src/client/auxiliary-runtime-remote.ts:1](https://github.com/Hilbert-beinghappy/seektty/blob/37fc3d0678a81ddef4f0bb0da215df21572d552c/src/client/auxiliary-runtime-remote.ts#L1)
发布包R0：1.2.6基于dsh rc.1，本项新版语义未独立认证。
并行B?：用户本地适配进行中，未推送进度不可见；实施前比对活动分支。",cordis.patch.yml:1；package.json:1；src/client/auxiliary-runtime-remote.ts:1,改用官方Node PTC/preset装配，保留run_code名称和Host每次timeout/heap/env限制，不在终端fork自管运行器,默认120s/最大600s、timeout/heap kill、空env、后台运行、旧会话工具名回放、取消清理,P0,Node PTC装配已迁移；各timeout/heap组合未独立验收,原版Host合同/可信integration整合；不再等待已停止worker，具体语义未单独认证,可信integration串行整合；未知A/C内容未采纳,固定4session成果已交；公共接线由E完成，不再等待停止worker,Native rc.2 remains execution/persistence owner. Final stock/full-suite coverage does not certify this individual engine feature; keep the original risk/plan boundary.,205207c全局候选：241files/2369pass/1既有Clarify skip，typecheck/build/pack55/source-lib23一致；stock生命周期/默认privacy/Hostfiles watch PTY通过。逐项历史证据及未测边界保留；全局门禁不是127项逐项PTY认证。 该行既有记录：4433deb full2181pass1skip/Node24 typecheck/build/pack37/23lib identical/official stock lifecycle passed. Same tarball16cf416b60244e569673550a3862c3fb79f5917274520c6401f0b2fb210e53ab; aggregate gates are not individual feature or cross-platform certification. Same package terminal26 and management17 PTY passed; individual row boundaries remain.,; .artifacts/p1-4433deb/candidate.json; .artifacts/final-full-4433deb.log; docs/integration-acceptance-2026-09-30.md; .artifacts/p1-4433deb/terminal-pty.log; .artifacts/p1-4433deb/management-pty.log,"Source/module checks, composed service checks, historical fixed-package PTY and final-package gates are separate. Only explicitly named journeys count as PTY; no inference from total test count."
120,F121 Desktop拖入文件夹作为引用,已发布预发布版0.2.0-rc.2；首见0.1.7-alpha.1；https://github.com/deepseek-ai/deepseek-harness/commit/6fba9d3bfbb4981a2320a759210316430d3e5666,"不适用(Desktop拖放);已有终端引用/粘贴。TUI有文件完成/粘贴路径，但没有Desktop drag event；基线 37fc3d0：[src/client/autocomplete.ts:1](https://github.com/Hilbert-beinghappy/seektty/blob/37fc3d0678a81ddef4f0bb0da215df21572d552c/src/client/autocomplete.ts#L1)；[src/client/workspace-path.ts:1](https://github.com/Hilbert-beinghappy/seektty/blob/37fc3d0678a81ddef4f0bb0da215df21572d552c/src/client/workspace-path.ts#L1)；[src/client/pasted-image.ts:1](https://github.com/Hilbert-beinghappy/seektty/blob/37fc3d0678a81ddef4f0bb0da215df21572d552c/src/client/pasted-image.ts#L1)
发布包R0：1.2.6基于dsh rc.1，本项新版语义未独立认证。
并行B?：用户本地适配进行中，未推送进度不可见；实施前比对活动分支。",src/client/autocomplete.ts:1；src/client/workspace-path.ts:1；src/client/pasted-image.ts:1,保留终端引用体验；如果添加目录引用，使用官方reference schema而不是把目录作为图片上传,带空格/中文目录、远端路径、symlink、drop/paste单次提交，不宣称已支持GUI drag,,原矩阵明确终端不适用；部分等价能力按原文保留,终端不适用（按原矩阵具体理由）,可信integration串行整合；未知A/C内容未采纳,固定4session成果已交；公共接线由E完成，不再等待停止worker,S01；另需T06最终包回归,205207c全局候选：241files/2369pass/1既有Clarify skip，typecheck/build/pack55/source-lib23一致；stock生命周期/默认privacy/Hostfiles watch PTY通过。逐项历史证据及未测边界保留；全局门禁不是127项逐项PTY认证。 该行既有记录：4433deb full2181pass1skip/Node24 typecheck/build/pack37/23lib identical/official stock lifecycle passed. Same tarball16cf416b60244e569673550a3862c3fb79f5917274520c6401f0b2fb210e53ab; aggregate gates are not individual feature or cross-platform certification. Same package terminal26 and management17 PTY passed; individual row boundaries remain.,; .artifacts/p1-4433deb/candidate.json; .artifacts/final-full-4433deb.log; docs/integration-acceptance-2026-09-30.md; .artifacts/p1-4433deb/terminal-pty.log; .artifacts/p1-4433deb/management-pty.log,"Source/module checks, composed service checks, historical fixed-package PTY and final-package gates are separate. Only explicitly named journeys count as PTY; no inference from total test count."
121,F122 拒绝不可预览Excel时提供默认应用,已发布预发布版0.2.0-rc.2；首见0.1.7-alpha.1；https://github.com/deepseek-ai/deepseek-harness/commit/a25780c63b2f04833e4ff52150e458a72c4611fe,"不适用(Web office拒绝);可复用外部打开。终端不尝试内置Excel grid，所以无同样preview rejection控件；基线 37fc3d0：[src/client/produced-files.ts:1](https://github.com/Hilbert-beinghappy/seektty/blob/37fc3d0678a81ddef4f0bb0da215df21572d552c/src/client/produced-files.ts#L1)；[src/host/app-handoff.ts:1](https://github.com/Hilbert-beinghappy/seektty/blob/37fc3d0678a81ddef4f0bb0da215df21572d552c/src/host/app-handoff.ts#L1)
发布包R0：1.2.6基于dsh rc.1，本项新版语义未独立认证。
并行B?：用户本地适配进行中，未推送进度不可见；实施前比对活动分支。",src/client/produced-files.ts:1；src/host/app-handoff.ts:1,文件动作可明确提供默认应用打开；不要把不可预览等同不可下载,损坏/不支持Excel、有无默认app、交接错误可见,,原矩阵明确终端不适用；部分等价能力按原文保留,终端不适用（按原矩阵具体理由）,可信integration串行整合；未知A/C内容未采纳,固定4session成果已交；公共接线由E完成，不再等待停止worker,不适用(Web office拒绝);可复用外部打开。终端不尝试内置Excel grid，所以无同样preview rejection控件；基线 37fc3d0：[src/client/produced-files.ts:1](https://github.com/Hilbert-beinghappy/seektty/blob/37fc3d0678a81ddef4f0bb0da215df21572d552c/src/client/produced-files.ts#L1)；[src/host/app-handoff.ts:1](https://github.com/Hilbert-beinghappy/seektty/blob/37fc3d0678a81ddef4f0bb0da215df21572d552c/src/host/app-handoff.ts#L1),205207c全局候选：241files/2369pass/1既有Clarify skip，typecheck/build/pack55/source-lib23一致；stock生命周期/默认privacy/Hostfiles watch PTY通过。逐项历史证据及未测边界保留；全局门禁不是127项逐项PTY认证。 该行既有记录：4433deb full2181pass1skip/Node24 typecheck/build/pack37/23lib identical/official stock lifecycle passed. Same tarball16cf416b60244e569673550a3862c3fb79f5917274520c6401f0b2fb210e53ab; aggregate gates are not individual feature or cross-platform certification. Same package terminal26 and management17 PTY passed; individual row boundaries remain.,; .artifacts/p1-4433deb/candidate.json; .artifacts/final-full-4433deb.log; docs/integration-acceptance-2026-09-30.md; .artifacts/p1-4433deb/terminal-pty.log; .artifacts/p1-4433deb/management-pty.log,"Source/module checks, composed service checks, historical fixed-package PTY and final-package gates are separate. Only explicitly named journeys count as PTY; no inference from total test count."
122,F123 侧栏打开子智能体会话,已发布预发布版0.2.0-rc.2；首见0.1.6-alpha.2；https://github.com/deepseek-ai/deepseek-harness/commit/9e3a30f85a736d90f043a42fbf37b9b6ba8fb9f8,"已原生支持(子Agent视图);需新版合同回归。已有树展开、官方address导航、只读/continuable composer模式、父viewport与draft恢复；基线 37fc3d0：[src/client/child-session-view.ts:1](https://github.com/Hilbert-beinghappy/seektty/blob/37fc3d0678a81ddef4f0bb0da215df21572d552c/src/client/child-session-view.ts#L1)；[src/client/subagent-presentation.ts:1](https://github.com/Hilbert-beinghappy/seektty/blob/37fc3d0678a81ddef4f0bb0da215df21572d552c/src/client/subagent-presentation.ts#L1)；[src/client/agent-tree.ts:1](https://github.com/Hilbert-beinghappy/seektty/blob/37fc3d0678a81ddef4f0bb0da215df21572d552c/src/client/agent-tree.ts#L1)
发布包R0：1.2.6基于dsh rc.1，本项新版语义未独立认证。
并行B?：用户本地适配进行中，未推送进度不可见；实施前比对活动分支。",src/client/child-session-view.ts:1；src/client/subagent-presentation.ts:1；src/client/agent-tree.ts:1,保留现有定制；对新API child会话侧栏入口做合同映射，不重建第二套子会话runtime,父agent消失、子会话已结束、背景approval owner、恢复父draft/selection/锚点、未知kind失败关闭,P1,子Agent访问和restart/resume历史通过；完整父视图恢复待核,Native listDescendants exact direct-parent/depth1 catalog adapter corrected; actual published algorithm regression,可信integration串行整合；未知A/C内容未采纳,固定4session成果已交；公共接线由E完成，不再等待停止worker,Independent real hot/cold child open/parent-return P2 closed5bd6d3b; breadcrumb hot/cold identity P3 closed190c601. Final new package regression boundary remains; full subtree traversal cost retained.,205207c全局候选：241files/2369pass/1既有Clarify skip，typecheck/build/pack55/source-lib23一致；stock生命周期/默认privacy/Hostfiles watch PTY通过。逐项历史证据及未测边界保留；全局门禁不是127项逐项PTY认证。 该行既有记录：4433deb full2181pass1skip/Node24 typecheck/build/pack37/23lib identical/official stock lifecycle passed. Same tarball16cf416b60244e569673550a3862c3fb79f5917274520c6401f0b2fb210e53ab; aggregate gates are not individual feature or cross-platform certification. Same package terminal26 and management17 PTY passed; individual row boundaries remain.,5bd6d3b517a1d6074252744ab4c6a92823d06598; docs/child-catalog-rc2-2026-09-30.md; .artifacts/p1-4433deb/candidate.json; .artifacts/final-full-4433deb.log; docs/integration-acceptance-2026-09-30.md; .artifacts/p1-4433deb/terminal-pty.log; .artifacts/p1-4433deb/management-pty.log,"Source/module checks, composed service checks, historical fixed-package PTY and final-package gates are separate. Only explicitly named journeys count as PTY; no inference from total test count."
123,F124 会话代码块统一样式、复制及换行,已发布预发布版0.2.0-rc.2；首见0.1.7-alpha.2；https://github.com/deepseek-ai/deepseek-harness/commit/e420c44d60c473fd6f46ab7fcfdcde4068fb5955,"已原生支持(终端等价)。已统一Shiki代码样式、代码卡、语义复制和Unicode换行，属于终端专门实现；基线 37fc3d0：[src/client/syntax-highlighter.ts:1](https://github.com/Hilbert-beinghappy/seektty/blob/37fc3d0678a81ddef4f0bb0da215df21572d552c/src/client/syntax-highlighter.ts#L1)；[src/client/copy-content.ts:1](https://github.com/Hilbert-beinghappy/seektty/blob/37fc3d0678a81ddef4f0bb0da215df21572d552c/src/client/copy-content.ts#L1)；[src/client/text-selection.ts:1](https://github.com/Hilbert-beinghappy/seektty/blob/37fc3d0678a81ddef4f0bb0da215df21572d552c/src/client/text-selection.ts#L1)；[src/client/transcript.ts:1](https://github.com/Hilbert-beinghappy/seektty/blob/37fc3d0678a81ddef4f0bb0da215df21572d552c/src/client/transcript.ts#L1)
发布包R0：1.2.6基于dsh rc.1，本项新版语义未独立认证。
并行B?：用户本地适配进行中，未推送进度不可见；实施前比对活动分支。",src/client/syntax-highlighter.ts:1；src/client/copy-content.ts:1；src/client/text-selection.ts:1；src/client/transcript.ts:1,只吸收上游语义/label变化；保留pi-tui patch和复制projection，不复制DOM/CSS,fence与无语言code、长行/CJK/emoji、原文与视觉折行复制、主题切换与选择边界,P1,原矩阵记录旧基线源码已有能力；不等于rc.2逐项运行通过,既有TUI能力；新版回归待E,可信integration串行整合；未知A/C内容未采纳,固定4session成果已交；公共接线由E完成，不再等待停止worker,沿用原矩阵接入方案，补目标Host证据；未证明不标完成,205207c全局候选：241files/2369pass/1既有Clarify skip，typecheck/build/pack55/source-lib23一致；stock生命周期/默认privacy/Hostfiles watch PTY通过。逐项历史证据及未测边界保留；全局门禁不是127项逐项PTY认证。 该行既有记录：4433deb full2181pass1skip/Node24 typecheck/build/pack37/23lib identical/official stock lifecycle passed. Same tarball16cf416b60244e569673550a3862c3fb79f5917274520c6401f0b2fb210e53ab; aggregate gates are not individual feature or cross-platform certification. Same package terminal26 and management17 PTY passed; individual row boundaries remain.,; .artifacts/p1-4433deb/candidate.json; .artifacts/final-full-4433deb.log; docs/integration-acceptance-2026-09-30.md; .artifacts/p1-4433deb/terminal-pty.log; .artifacts/p1-4433deb/management-pty.log,"Source/module checks, composed service checks, historical fixed-package PTY and final-package gates are separate. Only explicitly named journeys count as PTY; no inference from total test count."
124,F125 桌面首次引导与可恢复流程,已发布预发布版0.2.0-rc.2；首见0.1.7-rc.2；https://github.com/deepseek-ai/deepseek-harness/commit/3055bad0d1e443bfed32b6ae5b9b2e44487172c1,"不适用(Desktop credits引导);已有Provider onboarding。有终端Welcome/Provider引导、草稿状态；不是账号credits与Desktop用途问卷；基线 37fc3d0：[src/client/provider-onboarding.ts:1](https://github.com/Hilbert-beinghappy/seektty/blob/37fc3d0678a81ddef4f0bb0da215df21572d552c/src/client/provider-onboarding.ts#L1)；[src/client/welcome.ts:1](https://github.com/Hilbert-beinghappy/seektty/blob/37fc3d0678a81ddef4f0bb0da215df21572d552c/src/client/welcome.ts#L1)；[src/client/composer-draft.ts:1](https://github.com/Hilbert-beinghappy/seektty/blob/37fc3d0678a81ddef4f0bb0da215df21572d552c/src/client/composer-draft.ts#L1)
发布包R0：1.2.6基于dsh rc.1，本项新版语义未独立认证。
并行B?：用户本地适配进行中，未推送进度不可见；实施前比对活动分支。",src/client/provider-onboarding.ts:1；src/client/welcome.ts:1；src/client/composer-draft.ts:1,保留终端轻量引导；如账号模式落地复用官方恢复状态，不另造credit事实或把中断当完成,Esc/Back/重启/重复进入、部分配置保存、已有用户不反复引导,,原矩阵明确终端不适用；部分等价能力按原文保留,终端不适用（按原矩阵具体理由）,可信integration串行整合；未知A/C内容未采纳,固定4session成果已交；公共接线由E完成，不再等待停止worker,不适用(Desktop credits引导);已有Provider onboarding。有终端Welcome/Provider引导、草稿状态；不是账号credits与Desktop用途问卷；基线 37fc3d0：[src/client/provider-onboarding.ts:1](https://github.com/Hilbert-beinghappy/seektty/blob/37fc3d0678a81ddef4f0bb0da215df21572d552c/src/client/provider-onboarding.ts#L1)；[src/client/welcome.ts:1](https://github.com/Hilbert-beinghappy/seektty/blob/37fc3d0678a81ddef4f0bb0da215df21572d552c/src/client/welcome.ts#L1)；[src/client/composer-draft.ts:1](https://github.com/Hilbert-beinghappy/seektty/blob/37fc3d0678a81ddef4f0bb0da215df21572d552c/src/client/composer-draft.ts#L1),205207c全局候选：241files/2369pass/1既有Clarify skip，typecheck/build/pack55/source-lib23一致；stock生命周期/默认privacy/Hostfiles watch PTY通过。逐项历史证据及未测边界保留；全局门禁不是127项逐项PTY认证。 该行既有记录：4433deb full2181pass1skip/Node24 typecheck/build/pack37/23lib identical/official stock lifecycle passed. Same tarball16cf416b60244e569673550a3862c3fb79f5917274520c6401f0b2fb210e53ab; aggregate gates are not individual feature or cross-platform certification. Same package terminal26 and management17 PTY passed; individual row boundaries remain.,; .artifacts/p1-4433deb/candidate.json; .artifacts/final-full-4433deb.log; docs/integration-acceptance-2026-09-30.md; .artifacts/p1-4433deb/terminal-pty.log; .artifacts/p1-4433deb/management-pty.log,"Source/module checks, composed service checks, historical fixed-package PTY and final-package gates are separate. Only explicitly named journeys count as PTY; no inference from total test count."
125,F126 Shell删除/移动前检查真实目标路径,已发布预发布版0.2.0-rc.2；首见0.2.0-rc.2；https://github.com/deepseek-ai/deepseek-harness/commit/5e7e961aefb41d45681ad0a23664dac5b28ac4c2,"Host自动获得(工具说明);需核对定制prompt。Bash/Pwsh的tool说明来自Host，TUI不执行路径删除策略；基线 37fc3d0：[cordis.patch.yml:1](https://github.com/Hilbert-beinghappy/seektty/blob/37fc3d0678a81ddef4f0bb0da215df21572d552c/cordis.patch.yml#L1)；[src/host/tool-presentation.ts:1](https://github.com/Hilbert-beinghappy/seektty/blob/37fc3d0678a81ddef4f0bb0da215df21572d552c/src/host/tool-presentation.ts#L1)；[src/host/native-interactions.ts:1](https://github.com/Hilbert-beinghappy/seektty/blob/37fc3d0678a81ddef4f0bb0da215df21572d552c/src/host/native-interactions.ts#L1)
发布包R0：1.2.6基于dsh rc.1，本项新版语义未独立认证。
并行B?：用户本地适配进行中，未推送进度不可见；实施前比对活动分支。",cordis.patch.yml:1；src/host/tool-presentation.ts:1；src/host/native-interactions.ts:1,保留新版resolved-target核对提醒；审批展示真实请求路径，勿在TUI自行静默resolve后扩大删除范围,symlink/junction/..、外部root、大小写Windows路径、删除/移动approval与实际目标一致,P1,依赖升级允许继承，实际装配/表现仍需核验,Host继承候选；装配/投影回归待E,可信integration串行整合；未知A/C内容未采纳,固定4session成果已交；公共接线由E完成，不再等待停止worker,沿用原矩阵接入方案，补目标Host证据；未证明不标完成,205207c全局候选：241files/2369pass/1既有Clarify skip，typecheck/build/pack55/source-lib23一致；stock生命周期/默认privacy/Hostfiles watch PTY通过。逐项历史证据及未测边界保留；全局门禁不是127项逐项PTY认证。 该行既有记录：4433deb full2181pass1skip/Node24 typecheck/build/pack37/23lib identical/official stock lifecycle passed. Same tarball16cf416b60244e569673550a3862c3fb79f5917274520c6401f0b2fb210e53ab; aggregate gates are not individual feature or cross-platform certification. Same package terminal26 and management17 PTY passed; individual row boundaries remain.,; .artifacts/p1-4433deb/candidate.json; .artifacts/final-full-4433deb.log; docs/integration-acceptance-2026-09-30.md; .artifacts/p1-4433deb/terminal-pty.log; .artifacts/p1-4433deb/management-pty.log,"Source/module checks, composed service checks, historical fixed-package PTY and final-package gates are separate. Only explicitly named journeys count as PTY; no inference from total test count."
126,F127 0.2开发预览提示,已发布预发布版0.2.0-rc.2；首见0.2.0-rc.1；https://github.com/deepseek-ai/deepseek-harness/commit/5e190995935a4d80d87df6fb9a06e651dc3983df,"待稳定(上游预览);必须更新兼容文案。main/published版本区别已写README，但实际tested仍rc.3；不是0.2已支持声明；基线 37fc3d0：[README.md:1](https://github.com/Hilbert-beinghappy/seektty/blob/37fc3d0678a81ddef4f0bb0da215df21572d552c/README.md#L1)；[src/dsh-compat.ts:1](https://github.com/Hilbert-beinghappy/seektty/blob/37fc3d0678a81ddef4f0bb0da215df21572d552c/src/dsh-compat.ts#L1)；[src/client/provider-onboarding.ts:1](https://github.com/Hilbert-beinghappy/seektty/blob/37fc3d0678a81ddef4f0bb0da215df21572d552c/src/client/provider-onboarding.ts#L1)
发布包R0：1.2.6基于dsh rc.1，本项新版语义未独立认证。
并行B?：用户本地适配进行中，未推送进度不可见；实施前比对活动分支。",src/dsh-compat.ts:1；src/client/provider-onboarding.ts:1,完成适配与验收后再改tested/readme/候选版本文案，保留0.2是pre-release及实验能力说明，不直接跟latest宣称稳定,展示构建身份/Host target、npm产物与main一致、已发布/候选不混淆,P1,minimum/tested/README已改rc.2；published仍rc.1，非稳定版,README distinguishes current official rc.2 development target from published 1.2.6 rc.1; no release/push,可信integration串行整合；未知A/C内容未采纳,固定4session成果已交；公共接线由E完成，不再等待停止worker,Final candidate regression and original feature-specific risk boundaries apply; whole-suite/stock pass is not per-feature inference or cross-platform proof.,205207c全局候选：241files/2369pass/1既有Clarify skip，typecheck/build/pack55/source-lib23一致；stock生命周期/默认privacy/Hostfiles watch PTY通过。逐项历史证据及未测边界保留；全局门禁不是127项逐项PTY认证。 该行既有记录：4433deb full2181pass1skip/Node24 typecheck/build/pack37/23lib identical/official stock lifecycle passed. Same tarball16cf416b60244e569673550a3862c3fb79f5917274520c6401f0b2fb210e53ab; aggregate gates are not individual feature or cross-platform certification. Same package terminal26 and management17 PTY passed; individual row boundaries remain.,README.md:1; README.zh.md:1; src/dsh-compat.ts; 190c601 pack; .artifacts/p1-4433deb/candidate.json; .artifacts/final-full-4433deb.log; docs/integration-acceptance-2026-09-30.md; .artifacts/p1-4433deb/terminal-pty.log; .artifacts/p1-4433deb/management-pty.log,"Source/module checks, composed service checks, historical fixed-package PTY and final-package gates are separate. Only explicitly named journeys count as PTY; no inference from total test count."
